event_id,title,date,latitude,longitude,state,location_description,trigger,size,fatalities,injuries,source
1055,"Kerseong, West Bengal ",07/22/2009 12:00:00 AM,26.8826,88.2788,Bengal,"Kerseong, West Bengal ",downpour,medium,0,0,ISRO / NRSC Landslide Inventory & GLC
1054,"Gayabari,  West Bengal ",07/22/2009 12:00:00 AM,26.8572,88.3143,Bengal,"Gayabari,  West Bengal ",downpour,medium,0,0,ISRO / NRSC Landslide Inventory & GLC
1061,Bridge destroyed at 4th Mile,07-01-2009 05:40,27.478,88.527,NER,"4th Mile, Lower Mangshila in North Sikkim",downpour,medium,0,0,ISRO / NRSC Landslide Inventory & GLC
2164,"Chingai-Kuingai(Quingai) route (16 kms), Chingai subdivision, Ukhrul district, Manipur",07/29/2010 11:00:00 PM,25.3098633,94.48214677,Manipur,"Chingai-Kuingai(Quingai) route (16 kms), Chingai subdivision, Ukhrul district, Manipur",downpour,medium,0,0,ISRO / NRSC Landslide Inventory & GLC
4569,"North Skkimm Hwy between, Chungthang and Mangan, North Skimm (9 landslides)",09/19/2012 12:00:00 AM,27.8385,88.556,NER,"North Skkimm Hwy between, Chungthang and Mangan, North Skimm (9 landslides)",downpour,large,20,0,ISRO / NRSC Landslide Inventory & GLC
4571," Chungthang and Pegong. Houses, between Rangma and Chungthang ",09/19/2012 12:00:00 AM,27.6558,88.605,NER," Chungthang and Pegong. Houses, between Rangma and Chungthang ",downpour,large,0,0,ISRO / NRSC Landslide Inventory & GLC
5122,"National Highway 29 Between Patkai Bridge And Kukidolong, Nagaland",07/17/2013 12:00:00 AM,25.7658,93.9413,Nāgāland,"National Highway 29 Between Patkai Bridge And Kukidolong, Nagaland",rain,medium,0,0,ISRO / NRSC Landslide Inventory & GLC
5123,"National Highway 2 Near Meriema Village, 10 Km Away From Kohima",07/17/2013 12:00:00 AM,25.7131,94.0885,Nāgāland,"National Highway 2 Near Meriema Village, 10 Km Away From Kohima",rain,medium,0,0,ISRO / NRSC Landslide Inventory & GLC
7370,between Moltuk to New Songjang village,08-01-2015 00:00,24.1419,94.1078,Manipur,between Moltuk to New Songjang village,continuous_rain,medium,0,0,ISRO / NRSC Landslide Inventory & GLC
5084,"National Highway 2 Near Phesama Village Close To Kisama Naha Heritage Site, Kohima District, Nagaland",07-12-2013 23:00,25.616,94.1167,Nāgāland,"National Highway 2 Near Phesama Village Close To Kisama Naha Heritage Site, Kohima District, Nagaland",downpour,medium,0,0,ISRO / NRSC Landslide Inventory & GLC
3986,"Singamari, Darhelling, West Bengal",09/25/2011 12:00:00 AM,27.0605,88.255,Bengal,"Singamari, Darhelling, West Bengal",downpour,medium,0,0,ISRO / NRSC Landslide Inventory & GLC
2566,"Sahong, Tabu and Pani village under Tadubi police station of Senapati district, NH-39",10-08-2010 00:00,25.4769,94.1351,Nāgāland,"Sahong, Tabu and Pani village under Tadubi police station of Senapati district, NH-39",downpour,medium,0,0,ISRO / NRSC Landslide Inventory & GLC
1050,Darjeeling (between Tin Dharia and Rongtong),07-03-2009 00:00,26.87324244,88.29184021,Bengal,Darjeeling (between Tin Dharia and Rongtong),rain,medium,0,0,ISRO / NRSC Landslide Inventory & GLC
1109,Lumding-Badarpur section in North Cachar Hills district,08/20/2009 12:00:00 AM,25.5215,93.1645,Assam,Lumding-Badarpur section in North Cachar Hills district,downpour,medium,0,0,ISRO / NRSC Landslide Inventory & GLC
1961,"Ishok Chingphu(?), Bishnupur, Assam",06-09-2010 14:15,25.8833,91.2,Meghālaya,"Ishok Chingphu(?), Bishnupur, Assam",downpour,medium,0,0,ISRO / NRSC Landslide Inventory & GLC
595,Kurseong sub division,06/20/2008 12:00:00 AM,26.885,88.2778,Bengal,Kurseong sub division,rain,medium,0,0,ISRO / NRSC Landslide Inventory & GLC
2578,"NH-39 in Karong area, Manipur",10-09-2010 00:00,25.3179,94.0462,Nāgāland,"NH-39 in Karong area, Manipur",downpour,medium,0,0,ISRO / NRSC Landslide Inventory & GLC
322,National Highway 53 at Nungba in Tamenglong district of Manipur,10/21/2007 12:00:00 AM,24.75,93.4333,Assam,National Highway 53 at Nungba in Tamenglong district of Manipur,rain,medium,0,0,ISRO / NRSC Landslide Inventory & GLC
5552,"Ukhrul, Manipur",09/24/2013 12:00:00 AM,25.0985,94.3619,Manipur,"Ukhrul, Manipur",unknown,medium,0,0,ISRO / NRSC Landslide Inventory & GLC
3621,"St Mary's Hill, 3 km from Kurseong, West Bengal",06/17/2011 12:00:00 AM,26.88,88.28,Bengal,"St Mary's Hill, 3 km from Kurseong, West Bengal",downpour,large,4,0,ISRO / NRSC Landslide Inventory & GLC
1993,"Kurseong sub-division, Road between Kurseong and New Jalpaiguri",06/16/2010 12:00:00 AM,26.8073,88.3162,Bengal,"Kurseong sub-division, Road between Kurseong and New Jalpaiguri",downpour,medium,0,0,ISRO / NRSC Landslide Inventory & GLC
7031,"Bop, Sikkim",05/24/2015 12:00:00 AM,27.6163,88.6586,Sikkim,"Bop, Sikkim",unknown,medium,0,0,ISRO / NRSC Landslide Inventory & GLC
2025,"Police CID complex(?), Shillong, Meghalaya",06/28/2010 12:00:00 AM,25.5728,91.885,Meghālaya,"Police CID complex(?), Shillong, Meghalaya",downpour,medium,1,0,ISRO / NRSC Landslide Inventory & GLC
9405,"Techahan Ward, Mon, Nagaland, India",04/19/2016 12:00:00 AM,26.7223,95.0243,Nagaland,"Techahan Ward, Mon, Nagaland, India",continuous_rain,medium,0,0,ISRO / NRSC Landslide Inventory & GLC
5343,The Imphal-Jiribam Section Of Nh-37 In Tamenglong District,08/17/2013 11:00:00 PM,24.7625,93.4341,Assam,The Imphal-Jiribam Section Of Nh-37 In Tamenglong District,continuous_rain,medium,0,0,ISRO / NRSC Landslide Inventory & GLC
6971,"Itanagar, Arunachal Pradesh",06-09-2015 00:00,27.0987,93.816,Arunachal Pradesh,"Itanagar, Arunachal Pradesh",continuous_rain,medium,2,2,ISRO / NRSC Landslide Inventory & GLC
57,"Sikkim, 13 km north of Gangtok",04-11-2007 00:00,27.4459,88.6193,NER,"Sikkim, 13 km north of Gangtok",downpour,medium,0,0,ISRO / NRSC Landslide Inventory & GLC
1611,"Paglanala village, Dholai Block, near Dwarbandh locality of the district, Cachar district (could only find district) 45 km from Silchar, Assam",04-01-2010 00:00,25.1553,93.028,Assam,"Paglanala village, Dholai Block, near Dwarbandh locality of the district, Cachar district (could only find district) 45 km from Silchar, Assam",downpour,medium,3,0,ISRO / NRSC Landslide Inventory & GLC
147,Lawngtlai,07/30/2007 12:00:00 AM,22.533,92.899,Mizoram,Lawngtlai,downpour,medium,0,0,ISRO / NRSC Landslide Inventory & GLC
4382," between Harangajao and Mailongdisa, Assa,",06-03-2012 00:00,25.1175,92.8573,Assam," between Harangajao and Mailongdisa, Assa,",downpour,medium,0,0,ISRO / NRSC Landslide Inventory & GLC
1112,"NH31A, Mile 27 near Rambi",08/20/2009 12:00:00 AM,27.1761,88.5287,Sikkim,"NH31A, Mile 27 near Rambi",downpour,medium,0,0,ISRO / NRSC Landslide Inventory & GLC
2424,"near Tuivawl(?), Aizawl-Champhai rd, Aizawl district, Mizoram",09/13/2010 12:00:00 AM,23.591,92.9296,Mizoram,"near Tuivawl(?), Aizawl-Champhai rd, Aizawl district, Mizoram",downpour,medium,0,0,ISRO / NRSC Landslide Inventory & GLC
78,"Pangthang, on road b/t Gangtok and North Sikkim",05/23/2007 12:00:00 AM,27.3383,88.6069,Sikkim,"Pangthang, on road b/t Gangtok and North Sikkim",rain,medium,0,0,ISRO / NRSC Landslide Inventory & GLC
5431,"Tamenglong, Manipur",09-01-2013 00:00,24.9829,93.5063,Assam,"Tamenglong, Manipur",continuous_rain,medium,0,0,ISRO / NRSC Landslide Inventory & GLC
3672,"Portions of NH 39, Connectin Manipur with Assam via Nagaland",06/29/2011 12:00:00 AM,25.5125,93.3613,Assam,"Portions of NH 39, Connectin Manipur with Assam via Nagaland",downpour,medium,0,0,ISRO / NRSC Landslide Inventory & GLC
3997,Mangan : The slide which occurred at Thingchim around 18 kilometers from Mangan towards Gangtok has disrupted the Mangan-Gangtok traffic again. The s*,09/30/2011 12:00:00 AM,27.5161,88.5575,NER,,unknown,medium,0,0,ISRO / NRSC Landslide Inventory & GLC
2253,"Chingai-Kuingai(Quingai) route (16 kms), Chingai subdivision, Ukhrul district, Manipur",08/15/2010 11:00:00 PM,25.31006064,94.48265093,Manipur,"Chingai-Kuingai(Quingai) route (16 kms), Chingai subdivision, Ukhrul district, Manipur",downpour,medium,0,0,ISRO / NRSC Landslide Inventory & GLC
1108,"Tamei, Tamenglong district on Imphal-Tamenglong (IT) road",08/20/2009 12:00:00 AM,24.9925,93.5,Assam,"Tamei, Tamenglong district on Imphal-Tamenglong (IT) road",downpour,medium,0,0,ISRO / NRSC Landslide Inventory & GLC
6105,Arunachal Pradesh,06/26/2014 11:00:00 PM,28.9205,95.3429,Arunachal Pradesh,Arunachal Pradesh,continuous_rain,medium,0,0,ISRO / NRSC Landslide Inventory & GLC
9168,"NH 13 10 kilometers from Old Ziro, Arunachal Pradesh, India",06-12-2016 23:00,27.6438,93.871,Arunachal Pradesh,"NH 13 10 kilometers from Old Ziro, Arunachal Pradesh, India",downpour,medium,0,0,ISRO / NRSC Landslide Inventory & GLC
7021,"Old Monastery Road, Ghum",06/27/2015 11:00:00 PM,27.0076,88.251,West Bengal,"Old Monastery Road, Ghum",downpour,medium,1,0,ISRO / NRSC Landslide Inventory & GLC
3560,"Gaoilung(Gadailong) village(?), Ward 4(?), Tamenglong, Manipur",05/31/2011 02:30:00 PM,24.8286,93.5935,Manipur,"Gaoilung(Gadailong) village(?), Ward 4(?), Tamenglong, Manipur",downpour,medium,2,0,ISRO / NRSC Landslide Inventory & GLC
587,"Lakhimpur district, Bihpuria, Assam",06/15/2008 12:00:00 AM,27.2298,94.0989,Assam,"Lakhimpur district, Bihpuria, Assam",downpour,medium,17,0,ISRO / NRSC Landslide Inventory & GLC
8012,"Umling, Meghalaya 793102, India",09-06-2015 15:00,25.9703,91.8584,Meghalaya,"Umling, Meghalaya 793102, India",unknown,medium,0,0,ISRO / NRSC Landslide Inventory & GLC
7335,Tura Civil Hospital,08/18/2015 09:00:00 AM,25.5145,90.2023,Meghalaya,Tura Civil Hospital,continuous_rain,medium,0,0,ISRO / NRSC Landslide Inventory & GLC
141,Singtam,07/26/2007 12:00:00 AM,25.38,91.88,Meghālaya,Singtam,rain,medium,0,0,ISRO / NRSC Landslide Inventory & GLC
3983,"Maighuli, Guwahati, Meghalaya",09/23/2011 12:00:00 AM,26.1548,91.7351,Assam,"Maighuli, Guwahati, Meghalaya",downpour,large,4,0,ISRO / NRSC Landslide Inventory & GLC
148,Saiha,07/30/2007 12:00:00 AM,22.479,92.967,Mizoram,Saiha,downpour,medium,0,0,ISRO / NRSC Landslide Inventory & GLC
1094,"Katare village, 80 km from Kalimpong",08/16/2009 09:30:00 PM,27.15977181,88.63411246,Bengal,"Katare village, 80 km from Kalimpong",downpour,medium,1,0,ISRO / NRSC Landslide Inventory & GLC
1775,Arunachal Pradesh ,04/21/2010 12:00:00 AM,27.8965,96.1779,Arunāchal Pradesh,Arunachal Pradesh ,downpour,medium,12,0,ISRO / NRSC Landslide Inventory & GLC
3663,"Ruzapfu valley, Kikruma Village, Phek District, Nagaland",06/28/2011 12:00:00 AM,25.6682,94.1099,Nāgāland,"Ruzapfu valley, Kikruma Village, Phek District, Nagaland",downpour,medium,0,0,ISRO / NRSC Landslide Inventory & GLC
7385,"Holenjang, Chandel district",08-01-2015 00:00,24.004,93.9815,Manipur,"Holenjang, Chandel district",continuous_rain,medium,0,0,ISRO / NRSC Landslide Inventory & GLC
3643,Villages surrounding the West Sikkim district of ,06/23/2011 11:30:00 PM,27.2879,88.2579,NER,Villages surrounding the West Sikkim district of ,downpour,large,16,0,ISRO / NRSC Landslide Inventory & GLC
2575,"road between Haflong and Lanka, Assam",10-09-2010 00:00,25.5242,92.9914,Assam,"road between Haflong and Lanka, Assam",downpour,medium,0,0,ISRO / NRSC Landslide Inventory & GLC
3840,Manipur,07/25/2011 12:00:00 AM,24.6869,93.9157,Manipur,Manipur,downpour,medium,0,0,ISRO / NRSC Landslide Inventory & GLC
6015,Lohit District of Arunachal Pradesh,05-08-2014 00:00,27.9032,96.174,Arunachal Pradesh,Lohit District of Arunachal Pradesh,rain,medium,0,0,ISRO / NRSC Landslide Inventory & GLC
3741,Maram (80 km north of Imphal),07-07-2011 00:00,25.4191,94.1079,Nāgāland,Maram (80 km north of Imphal),rain,medium,0,0,ISRO / NRSC Landslide Inventory & GLC
210,"Hattisurey in Kalimpong, on National Highway 31A",08/25/2007 12:00:00 AM,27.0713,88.4308,Bengal,"Hattisurey in Kalimpong, on National Highway 31A",rain,medium,0,0,ISRO / NRSC Landslide Inventory & GLC
2106,"road to Oting near Longlam village, 13 km from Tizit subdivision, Mon district, Nagaland",07/20/2010 12:00:00 AM,26.8716,94.9921,Nāgāland,"road to Oting near Longlam village, 13 km from Tizit subdivision, Mon district, Nagaland",downpour,medium,0,0,ISRO / NRSC Landslide Inventory & GLC
9051,"12th Mile area at Jorabat, Meghalaya, India",07/19/2016 09:00:00 AM,26.09748244,91.8744337,Meghalaya,"12th Mile area at Jorabat, Meghalaya, India",unknown,medium,0,1,ISRO / NRSC Landslide Inventory & GLC
870,"West Kameng, Arunachal Pradesh",10/29/2008 12:00:00 AM,27.4,92.35,Arunāchal Pradesh,"West Kameng, Arunachal Pradesh",downpour,medium,12,0,ISRO / NRSC Landslide Inventory & GLC
2392,"17th mile(?), Jawaharlal Nehru Marg hwy, between Gangtok and Nathu La, Sikkim",09-04-2010 00:00,27.3702,88.7334,Sikkim,"17th mile(?), Jawaharlal Nehru Marg hwy, between Gangtok and Nathu La, Sikkim",downpour,medium,0,0,ISRO / NRSC Landslide Inventory & GLC
1037,"Sevoke, 20km from Siliguri, North Eastern, India (Highway NH31A:Coronation Bridge to the Sevoke police outpost section blocked)",06/17/2009 04:00:00 AM,26.89,88.47,Bengal,"Sevoke, 20km from Siliguri, North Eastern, India (Highway NH31A:Coronation Bridge to the Sevoke police outpost section blocked)",downpour,medium,0,0,ISRO / NRSC Landslide Inventory & GLC
3830,Manipur,07/22/2011 12:00:00 AM,24.3527,94.3429,Manipur,Manipur,downpour,small,0,0,ISRO / NRSC Landslide Inventory & GLC
4906,"Helipong-Chessore Road, Nagaland",06-07-2013 00:00,26.0977,94.7499,Nāgāland,"Helipong-Chessore Road, Nagaland",unknown,medium,0,0,ISRO / NRSC Landslide Inventory & GLC
1091,"Kalimpong, Darjeeling, West Bengal",08/16/2009 09:00:00 AM,27.02459801,88.43849551,Bengal,"Kalimpong, Darjeeling, West Bengal",downpour,medium,2,0,ISRO / NRSC Landslide Inventory & GLC
151,Kurseong,08-02-2007 00:00,26.8905,88.2789,Bengal,Kurseong,rain,medium,3,0,ISRO / NRSC Landslide Inventory & GLC
7076,near Kalijhora,07-04-2015 18:00,26.9282,88.4553,West Bengal,near Kalijhora,unknown,small,0,0,ISRO / NRSC Landslide Inventory & GLC
218,"Ghayabari-Tindharia on National Highway 55, near Darjeeling hills",08/29/2007 12:00:00 AM,27.0096,88.2548,Bengal,"Ghayabari-Tindharia on National Highway 55, near Darjeeling hills",rain,medium,0,0,ISRO / NRSC Landslide Inventory & GLC
2261,"Hatisur(?), Sevok(Sevoke), Kalimpong sub-division, NH 31A between Siliguri and Gangtok, Sikkim",08/17/2010 08:00:00 AM,26.9435,88.4445,Bengal,"Hatisur(?), Sevok(Sevoke), Kalimpong sub-division, NH 31A between Siliguri and Gangtok, Sikkim",downpour,medium,0,0,ISRO / NRSC Landslide Inventory & GLC
93,"Indira Bypass, Amdo Golai",06/13/2007 12:00:00 AM,26.7324,88.4089,Bengal,"Indira Bypass, Amdo Golai",rain,small,0,0,ISRO / NRSC Landslide Inventory & GLC
9603,Mirik,10-12-2016 00:00,26.8861,88.1704,West Bengal,Mirik,downpour,medium,0,0,ISRO / NRSC Landslide Inventory & GLC
3269,"road from other districts to Hawai(Tawai?) which is  on Lojit river, near Hayuliang,  Anjaw district, Arunachal Pradesh",03/22/2011 12:00:00 AM,28.0791,96.5242,Arunāchal Pradesh,"road from other districts to Hawai(Tawai?) which is  on Lojit river, near Hayuliang,  Anjaw district, Arunachal Pradesh",downpour,medium,0,0,ISRO / NRSC Landslide Inventory & GLC
1755,"Natl. Highway 31-A at Pani House(?), Gangtok",04/17/2010 03:00:00 PM,27.3341,88.6083,Sikkim,"Natl. Highway 31-A at Pani House(?), Gangtok",downpour,small,0,0,ISRO / NRSC Landslide Inventory & GLC
6990,"New Land (""""New Colony"""")",06/24/2015 12:00:00 AM,26.0319,94.5466,Nagaland,"New Land (""""New Colony"""")",continuous_rain,medium,0,0,ISRO / NRSC Landslide Inventory & GLC
1995,Tripi (Tirpai?) road of Upper Gumfa area in Kalimpong,06/16/2010 12:00:00 AM,27.0765,88.4808,Bengal,Tripi (Tirpai?) road of Upper Gumfa area in Kalimpong,rain,medium,3,0,ISRO / NRSC Landslide Inventory & GLC
6222,Karsingsa block point,10-01-2014 11:00,27.1249,93.7706,Arunachal Pradesh,Karsingsa block point,unknown,small,5,0,ISRO / NRSC Landslide Inventory & GLC
9169,"on road between Mon and Tobu near Telangsao Hydro project , Nagaland, India",06-12-2016 00:00,26.1677,94.2442,Nagaland,"on road between Mon and Tobu near Telangsao Hydro project , Nagaland, India",continuous_rain,unknown,0,0,ISRO / NRSC Landslide Inventory & GLC
4435,"Tirap , Arunachal Pradesh",06/25/2012 12:00:00 AM,27.174,95.8011,Arunāchal Pradesh,"Tirap , Arunachal Pradesh",downpour,large,0,0,ISRO / NRSC Landslide Inventory & GLC
4313,"Endulin Nallah, Mayodia, 17-camp, 83-camp",04-08-2012 00:00,28.4659,95.86,Arunāchal Pradesh,"Endulin Nallah, Mayodia, 17-camp, 83-camp",downpour,medium,0,0,ISRO / NRSC Landslide Inventory & GLC
2344,"NH-53 at Nungba police station, Kambirong(?), Manipur",08/27/2010 04:30:00 PM,24.7505,93.4221,Assam,"NH-53 at Nungba police station, Kambirong(?), Manipur",downpour,medium,0,0,ISRO / NRSC Landslide Inventory & GLC
7263,"15 kms from Maram, National Highway-102/A (Maram Peren road)",07/22/2015 12:00:00 AM,25.4477,94.0489,Manipur,"15 kms from Maram, National Highway-102/A (Maram Peren road)",continuous_rain,medium,0,0,ISRO / NRSC Landslide Inventory & GLC
5271,"Nanga, Nagaland",08-04-2013 00:00,26.284,94.5808,Nāgāland,"Nanga, Nagaland",continuous_rain,medium,0,0,ISRO / NRSC Landslide Inventory & GLC
4424,"Lalunggaon, Guwahati,  Assam",06/20/2012 12:00:00 AM,26.149,91.7351,Assam,"Lalunggaon, Guwahati,  Assam",downpour,medium,0,0,ISRO / NRSC Landslide Inventory & GLC
3525,"Kaiphundai(?)-Tousem(in Assam) road, Tamenglong district, Manipur",05/22/2011 12:00:00 AM,25.0672,93.4093,Assam,"Kaiphundai(?)-Tousem(in Assam) road, Tamenglong district, Manipur",downpour,medium,0,0,ISRO / NRSC Landslide Inventory & GLC
7369,between Chalong and Paraolon,08-01-2015 00:00,24.1988,94.1016,Manipur,between Chalong and Paraolon,continuous_rain,medium,0,0,ISRO / NRSC Landslide Inventory & GLC
4892,Upper Subansiri,06-01-2013 00:00,27.8776,94.25,Arunāchal Pradesh,Upper Subansiri,downpour,large,0,0,ISRO / NRSC Landslide Inventory & GLC
4377,"Guwahati, Assam",06-02-2012 00:00,26.1475,91.7356,Assam,"Guwahati, Assam",downpour,large,0,0,ISRO / NRSC Landslide Inventory & GLC
5430,"Tamenglong- Khongsang Road, Manipur",09-01-2013 00:00,24.9037,93.487,Manipur,"Tamenglong- Khongsang Road, Manipur",continuous_rain,medium,0,0,ISRO / NRSC Landslide Inventory & GLC
7264,22 kms to 30 kms between Sangkungmai and Willong,07/22/2015 12:00:00 AM,25.4538,93.9827,Manipur,22 kms to 30 kms between Sangkungmai and Willong,continuous_rain,medium,0,0,ISRO / NRSC Landslide Inventory & GLC
9220,"Finchaytaar, Lodhoma, Darjeeling, India",07/26/2016 11:00:00 PM,27.1027,88.1218,West Bengal,"Finchaytaar, Lodhoma, Darjeeling, India",downpour,unknown,0,0,ISRO / NRSC Landslide Inventory & GLC
5006,"Thillong Village, Doyang Along State Highway 1, Wokha To Merapani Road",07-01-2013 00:00,26.1147,94.3864,Nāgāland,"Thillong Village, Doyang Along State Highway 1, Wokha To Merapani Road",downpour,medium,0,0,ISRO / NRSC Landslide Inventory & GLC
256,Rhodong village near Rhey in East Sikkim,09-10-2007 00:00,27.3425,88.6236,Sikkim,Rhodong village near Rhey in East Sikkim,rain,medium,0,0,ISRO / NRSC Landslide Inventory & GLC
9335,"Bilaipur, Hailakandi district, Assam, India",05/18/2016 08:00:00 AM,24.5202,92.7239,Assam,"Bilaipur, Hailakandi district, Assam, India",continuous_rain,unknown,2,0,ISRO / NRSC Landslide Inventory & GLC
7279,Tamenglong Ward No-IV,07/24/2015 12:00:00 AM,24.9818,93.5142,Manipur,Tamenglong Ward No-IV,monsoon,medium,0,0,ISRO / NRSC Landslide Inventory & GLC
1963,"near Sevok(Sevoke), Highway 31A to Sikkimand Kalimpong, Hatisura(?), Darjeeling",06-11-2010 00:00,26.944,88.4441,Bengal,"near Sevok(Sevoke), Highway 31A to Sikkimand Kalimpong, Hatisura(?), Darjeeling",downpour,medium,0,0,ISRO / NRSC Landslide Inventory & GLC
6288,Noonmati,09/22/2014 12:00:00 AM,26.1985,91.7998,Assam,Noonmati,rain,small,0,0,ISRO / NRSC Landslide Inventory & GLC
5087,"National Highway 29 Near Phesama Village, Nagaland",07-12-2013 00:00,25.6269,94.1139,Nāgāland,"National Highway 29 Near Phesama Village, Nagaland",downpour,medium,0,0,ISRO / NRSC Landslide Inventory & GLC
2461,"Karcham-Sangla rd, Himachal Pradesh",09/19/2010 12:00:00 AM,31.4582,78.2114,Himachal Pradesh,"Karcham-Sangla rd, Himachal Pradesh",downpour,medium,0,0,ISRO / NRSC Landslide Inventory & GLC
6966,"National Highway 31A, Darjeeling Hills",06/17/2015 12:00:00 AM,26.9974,88.4314,West Bengal,"National Highway 31A, Darjeeling Hills",downpour,small,0,0,ISRO / NRSC Landslide Inventory & GLC
258,"NH-39 at Imphal-Moreh section, Lokchao largest event",09-11-2007 00:00,24.4279,94.0564,Manipur,"NH-39 at Imphal-Moreh section, Lokchao largest event",rain,medium,3,0,ISRO / NRSC Landslide Inventory & GLC
5338,"Longlem, Nagaland",08/16/2013 12:00:00 AM,26.8727,94.9275,Assam,"Longlem, Nagaland",rain,medium,0,0,ISRO / NRSC Landslide Inventory & GLC
2411,"districts Lakhimpur, Dhemaji, Golaghat, and Sonitpur, Assam province",09-10-2010 00:00,27.0011,93.7273,Arunāchal Pradesh,"districts Lakhimpur, Dhemaji, Golaghat, and Sonitpur, Assam province",downpour,medium,0,0,ISRO / NRSC Landslide Inventory & GLC
6143,"Zembabawk, Aizawl",07/14/2014 06:00:00 PM,23.7327,92.7463,Mizoram,"Zembabawk, Aizawl",downpour,medium,1,2,ISRO / NRSC Landslide Inventory & GLC
4908,"15 Km From Gangtok, Himalayans",06-08-2013 17:00,27.3721,88.708,Sikkim,"15 Km From Gangtok, Himalayans",downpour,medium,0,0,ISRO / NRSC Landslide Inventory & GLC
9124,"Rongthragittim Songittal village, near Sibbari, South Garo Hills District, Meghalaya, India",07/19/2016 12:00:00 AM,25.203,90.5573,Meghalaya,"Rongthragittim Songittal village, near Sibbari, South Garo Hills District, Meghalaya, India",continuous_rain,large,0,0,ISRO / NRSC Landslide Inventory & GLC
2282,"Tuensang-Kohima rd, 3 km outside Tuensang, Nagaland",08/19/2010 06:30:00 AM,26.1984,94.8158,Nāgāland,"Tuensang-Kohima rd, 3 km outside Tuensang, Nagaland",downpour,medium,0,0,ISRO / NRSC Landslide Inventory & GLC
9338,"Sonachirra, Karimganj district, Assam, India",05/18/2016 08:00:00 AM,24.4638,92.4943,Assam,"Sonachirra, Karimganj district, Assam, India",continuous_rain,medium,5,0,ISRO / NRSC Landslide Inventory & GLC
2421,"road to Muanna Godown, Zuangtui, Mizoram",09/13/2010 09:00:00 AM,23.75406693,92.74128531,Mizoram,"road to Muanna Godown, Zuangtui, Mizoram",downpour,medium,0,0,ISRO / NRSC Landslide Inventory & GLC
2249,"Kiphire-Tuensang rd, Nagaland",08/14/2010 12:00:00 AM,26.0814,94.803,Nāgāland,"Kiphire-Tuensang rd, Nagaland",downpour,medium,0,0,ISRO / NRSC Landslide Inventory & GLC
8901,"National Highway 2, near Kohima, Nagaland, India",07-10-2016 00:00,25.7902,94.1318,Nagaland,"National Highway 2, near Kohima, Nagaland, India",downpour,medium,0,0,ISRO / NRSC Landslide Inventory & GLC
2283,"2 km from Khongsang village(?), road between Tamenglong and Imphal or Nungba, Manipur",08/19/2010 12:00:00 AM,24.8961,93.4957,Manipur,"2 km from Khongsang village(?), road between Tamenglong and Imphal or Nungba, Manipur",downpour,medium,0,0,ISRO / NRSC Landslide Inventory & GLC
4552,"Takdah, West Bengal",09/14/2012 12:00:00 AM,27.0377,88.3603,Sikkim,"Takdah, West Bengal",downpour,medium,0,0,ISRO / NRSC Landslide Inventory & GLC
6016,"Satgarakul Village, Karimganj, Assam State",05-09-2014 23:00,24.8669,92.3576,Assam,"Satgarakul Village, Karimganj, Assam State",rain,small,7,0,ISRO / NRSC Landslide Inventory & GLC
215,Phesema area at National Highway 39,08/28/2007 12:00:00 AM,25.7428,93.9136,Nāgāland,Phesema area at National Highway 39,rain,medium,1,0,ISRO / NRSC Landslide Inventory & GLC
5533,"Kalimpong, West Bengal",09/16/2013 03:00:00 PM,27.0599,88.4674,Bengal,"Kalimpong, West Bengal",downpour,small,1,0,ISRO / NRSC Landslide Inventory & GLC
7780,Sailam village,08/26/2015 12:00:00 AM,23.3572,92.7878,Mizoram,Sailam village,continuous_rain,medium,1,0,ISRO / NRSC Landslide Inventory & GLC
2281,"Kisima, Nagaland",08/19/2010 06:00:00 PM,25.61560252,94.11603493,Nāgāland,"Kisima, Nagaland",downpour,medium,0,0,ISRO / NRSC Landslide Inventory & GLC
1996,"Shayoung Ward(?), Longleng, Nagaland",06/17/2010 07:30:00 PM,26.4333,94.8833,Nāgāland,"Shayoung Ward(?), Longleng, Nagaland",downpour,medium,0,0,ISRO / NRSC Landslide Inventory & GLC
260,"National Highway 31A, between Singtam and Rangpo",09-11-2007 00:00,27.2084,88.4909,NER,"National Highway 31A, between Singtam and Rangpo",rain,medium,0,0,ISRO / NRSC Landslide Inventory & GLC
6283,Dakhingaon,09/22/2014 12:00:00 AM,26.1314,91.7548,Assam,Dakhingaon,rain,small,0,0,ISRO / NRSC Landslide Inventory & GLC
8930,"North Point Colony, Akuluto, Nagaland, India",07-11-2016 23:00,26.1699,94.4922,Nagaland,"North Point Colony, Akuluto, Nagaland, India",unknown,large,0,0,ISRO / NRSC Landslide Inventory & GLC
869,North Lakhimpur ,10/29/2008 12:00:00 AM,27.2333,94.1167,Assam,North Lakhimpur ,downpour,medium,0,0,ISRO / NRSC Landslide Inventory & GLC
285,"National Highway, 45 Aizwal (Mizoram)",09/29/2007 12:00:00 AM,24.1293,92.6921,Mizoram,"National Highway, 45 Aizwal (Mizoram)",rain,medium,0,0,ISRO / NRSC Landslide Inventory & GLC
3662,"Ikou-Gangpijang road, near: Ikou, Saikul, and Gangpijang; Imphal India",06/28/2011 12:00:00 AM,25.03561729,94.0144205,Manipur,"Ikou-Gangpijang road, near: Ikou, Saikul, and Gangpijang; Imphal India",rain,medium,0,0,ISRO / NRSC Landslide Inventory & GLC
5427,"Koide Government High School, Senapati, Manipur",08/15/2013 12:00:00 AM,25.3833,94.1884,Nāgāland,"Koide Government High School, Senapati, Manipur",downpour,medium,0,0,ISRO / NRSC Landslide Inventory & GLC
8339,Kamakhya Temple,09/23/2015 12:00:00 AM,26.1666,91.7042,Assam,Kamakhya Temple,continuous_rain,medium,0,0,ISRO / NRSC Landslide Inventory & GLC
4905,"Kuthur – Huker Road Via Y Anner, Chessore, Nagaland",06-07-2013 00:00,26.0977,94.7031,Nāgāland,"Kuthur – Huker Road Via Y Anner, Chessore, Nagaland",unknown,medium,0,0,ISRO / NRSC Landslide Inventory & GLC
9186,"Imphal-Dimapur road  in Tadubi, Senapati district, Manipur, India",07/25/2016 12:30:00 PM,25.48,94.1383,Manipur,"Imphal-Dimapur road  in Tadubi, Senapati district, Manipur, India",continuous_rain,medium,0,1,ISRO / NRSC Landslide Inventory & GLC
5107,"National Highway 29 Near Phesama Village, Nagaland",07/15/2013 12:00:00 AM,25.6269,94.1139,Nāgāland,"National Highway 29 Near Phesama Village, Nagaland",rain,medium,0,0,ISRO / NRSC Landslide Inventory & GLC
7253,Lakhipur,07/22/2015 12:00:00 AM,24.7979,92.9974,Assam,Lakhipur,continuous_rain,medium,5,0,ISRO / NRSC Landslide Inventory & GLC
1089,"Gourishankar tea estate premises, Darjeeling, West Bengal",08/16/2009 01:30:00 AM,26.7914,88.363,Bengal,"Gourishankar tea estate premises, Darjeeling, West Bengal",downpour,medium,4,0,ISRO / NRSC Landslide Inventory & GLC
6286,Garchuk,09/22/2014 12:00:00 AM,26.1044,91.7082,Assam,Garchuk,rain,small,0,0,ISRO / NRSC Landslide Inventory & GLC
7040,Sukhiapokhari,07-01-2015 00:00,26.9978,88.167,West Bengal,Sukhiapokhari,downpour,medium,1,0,ISRO / NRSC Landslide Inventory & GLC
6782,NH55 at Tindharia,09/28/2011 12:00:00 AM,26.8545,88.3372,West Bengal,NH55 at Tindharia,rain,medium,0,0,ISRO / NRSC Landslide Inventory & GLC
594,"Namkaoluang village, Tamenglong-Sangrung (Khongsang) road, NH-53, Manipur",06/19/2008 12:00:00 AM,24.9336,93.8275,Manipur,"Namkaoluang village, Tamenglong-Sangrung (Khongsang) road, NH-53, Manipur",monsoon,medium,0,0,ISRO / NRSC Landslide Inventory & GLC
5337,"Yakshu, Nagaland",08/16/2013 12:00:00 AM,26.4205,94.9731,Nāgāland,"Yakshu, Nagaland",rain,medium,0,0,ISRO / NRSC Landslide Inventory & GLC
3881,Itanagar,08-05-2011 00:00,27.1034,93.6885,Arunāchal Pradesh,Itanagar,downpour,medium,0,0,ISRO / NRSC Landslide Inventory & GLC
3925,"East Kameng, Arunachal Pradesh",08/15/2011 12:00:00 AM,27.4888,93.0153,Arunāchal Pradesh,"East Kameng, Arunachal Pradesh",downpour,medium,0,0,ISRO / NRSC Landslide Inventory & GLC
7383,"Tuitung village, Khengjoi",08-01-2015 00:00,23.899,94.1434,Manipur,"Tuitung village, Khengjoi",rain,medium,0,0,ISRO / NRSC Landslide Inventory & GLC
8900,"Imphal-Ukhrul sector of National Highway 102, Manipur, India",07-07-2016 00:00,25.0118,94.3136,Manipur,"Imphal-Ukhrul sector of National Highway 102, Manipur, India",monsoon,large,0,0,ISRO / NRSC Landslide Inventory & GLC
4757,"East Siang, Arunachal Pradesh",02/18/2013 12:00:00 AM,28.1193,95.1645,Arunāchal Pradesh,"East Siang, Arunachal Pradesh",rain,medium,3,2,ISRO / NRSC Landslide Inventory & GLC
7666,Tousem,08-11-2015 00:00,25.1019,93.3729,Manipur,Tousem,continuous_rain,medium,0,0,ISRO / NRSC Landslide Inventory & GLC
3813,National Highway 31A in West Bengal's Darjeeling district,07/20/2011 12:00:00 AM,27.1141,88.4658,Bengal,National Highway 31A in West Bengal's Darjeeling district,rain,small,0,0,ISRO / NRSC Landslide Inventory & GLC
2113,"Singtam-Mangan rd, Sikkim",07/21/2010 08:00:00 AM,27.3773,88.559,Sikkim,"Singtam-Mangan rd, Sikkim",downpour,medium,0,0,ISRO / NRSC Landslide Inventory & GLC
2045,"Tuensang, Nagaland",07-06-2010 00:00,26.2363,94.8133,Nāgāland,"Tuensang, Nagaland",monsoon,medium,0,0,ISRO / NRSC Landslide Inventory & GLC
7701,Phesama,08/19/2015 03:00:00 PM,25.6278,94.1051,Nagaland,Phesama,continuous_rain,medium,0,0,ISRO / NRSC Landslide Inventory & GLC
2422,"Hunthar Veng, Mizoram",09/13/2010 12:00:00 AM,23.74182634,92.7141905,Mizoram,"Hunthar Veng, Mizoram",downpour,medium,0,0,ISRO / NRSC Landslide Inventory & GLC
6513,Sabroom,08/14/2014 11:00:00 PM,23.0137,91.7174,Tripura,Sabroom,downpour,medium,3,0,ISRO / NRSC Landslide Inventory & GLC
4990,"Near Changu Lake, 15Km Away From Nathu La, On India-China Border In Eastern Sikkim",06/27/2013 11:00:00 PM,27.3765,88.7628,Sikkim,"Near Changu Lake, 15Km Away From Nathu La, On India-China Border In Eastern Sikkim",downpour,medium,0,0,ISRO / NRSC Landslide Inventory & GLC
2248,"Noklak-Tuensang road, Nagaland",08/14/2010 12:00:00 AM,26.222,94.9152,Nāgāland,"Noklak-Tuensang road, Nagaland",downpour,medium,0,0,ISRO / NRSC Landslide Inventory & GLC
5268,"Zunheboto, Nagaland",08-04-2013 00:00,26.0137,94.5163,Nāgāland,"Zunheboto, Nagaland",continuous_rain,medium,0,0,ISRO / NRSC Landslide Inventory & GLC
6106,Narakasur,06/26/2014 11:00:00 PM,26.1407,91.7645,Assam,Narakasur,continuous_rain,small,3,0,ISRO / NRSC Landslide Inventory & GLC
3965,NH 37 at Awang Khul ,09-06-2011 08:00,24.808,93.117,Assam,NH 37 at Awang Khul ,rain,medium,3,0,ISRO / NRSC Landslide Inventory & GLC
1092,near the Rohini-Sirubari road,08/16/2009 09:00:00 AM,26.74452462,88.40011959,Bengal,near the Rohini-Sirubari road,downpour,medium,1,0,ISRO / NRSC Landslide Inventory & GLC
1111,"Melli Chalisey, Sikkim",08/20/2009 12:00:00 AM,27.1344,88.4575,Bengal,"Melli Chalisey, Sikkim",downpour,medium,0,0,ISRO / NRSC Landslide Inventory & GLC
7035,Mahindra,06/30/2015 12:00:00 AM,25.4243,88.2746,West Bengal,Mahindra,downpour,medium,3,0,ISRO / NRSC Landslide Inventory & GLC
6969,"Nakham Bazaar, Tura, Meghalaya",06/16/2015 06:15:00 AM,25.5114,90.215,Meghalaya,"Nakham Bazaar, Tura, Meghalaya",downpour,medium,4,0,ISRO / NRSC Landslide Inventory & GLC
2044,"Kiphire,  Nagaland",07-06-2010 00:00,25.8877,94.7861,Nāgāland,"Kiphire,  Nagaland",monsoon,medium,0,0,ISRO / NRSC Landslide Inventory & GLC
2587,"Lower Chandmari area, PWD department, Kohima, Manipur",10-10-2010 06:00,25.6623,94.1072,Nāgāland,"Lower Chandmari area, PWD department, Kohima, Manipur",downpour,medium,0,0,ISRO / NRSC Landslide Inventory & GLC
8684,"Kamrup district, Assam, India",07-07-2016 00:00,25.9611,91.3681,Assam,"Kamrup district, Assam, India",continuous_rain,medium,2,2,ISRO / NRSC Landslide Inventory & GLC
1596,"LangthAbal Khoupum, Imphal, Manipur",03/27/2010 08:00:00 PM,24.7339,93.9161,Manipur,"LangthAbal Khoupum, Imphal, Manipur",downpour,medium,0,0,ISRO / NRSC Landslide Inventory & GLC
1771,"Raj Bhavan Guwahati, Assam",04/20/2010 12:00:00 AM,26.1978,91.7665,Assam,"Raj Bhavan Guwahati, Assam",downpour,medium,0,0,ISRO / NRSC Landslide Inventory & GLC
7364,Phungyar road,07/31/2015 09:00:00 AM,24.819,94.3551,Manipur,Phungyar road,continuous_rain,medium,0,0,ISRO / NRSC Landslide Inventory & GLC
6968,"Ratacherra village along the NH-44 connecting to Barak Valley in Assam and Tripura, Meghalaya, Mizoramon",06/13/2015 12:00:00 AM,25.463,92.2121,Meghalaya,"Ratacherra village along the NH-44 connecting to Barak Valley in Assam and Tripura, Meghalaya, Mizoramon",continuous_rain,medium,4,2,ISRO / NRSC Landslide Inventory & GLC
7373,between Maku village and Kamjong sub division,08-01-2015 00:00,24.9111,94.4759,Manipur,between Maku village and Kamjong sub division,continuous_rain,medium,0,0,ISRO / NRSC Landslide Inventory & GLC
4570, Arunachal Pradesh ,09/19/2012 12:00:00 AM,27.8458,95.2253,Arunāchal Pradesh, Arunachal Pradesh ,downpour,medium,0,0,ISRO / NRSC Landslide Inventory & GLC
1935,"atharamura hills, Highway 44, Tripura",06-03-2010 00:00,23.8986,91.7599,Tripura,"atharamura hills, Highway 44, Tripura",downpour,medium,0,0,ISRO / NRSC Landslide Inventory & GLC
2577,"NH-39 near Khongnem(?) village, between Imphal and Dimapur, Manipur",10-09-2010 00:00,25.5265,93.8673,Nāgāland,"NH-39 near Khongnem(?) village, between Imphal and Dimapur, Manipur",downpour,medium,0,0,ISRO / NRSC Landslide Inventory & GLC
7276,"Dispur : According to report, a huge hillock slipped into the house after heavy rain where Dinesh Bodo along with his wife and daughter lived in. Thi*",07/25/2015 09:00:00 AM,26.1062,91.8717,Assam,,continuous_rain,medium,2,0,ISRO / NRSC Landslide Inventory & GLC
2576,"NH-39 at Tobio village(?), 7 km form Tadubi, Manipur",10-09-2010 00:00,25.4788,94.1399,Nāgāland,"NH-39 at Tobio village(?), 7 km form Tadubi, Manipur",downpour,medium,0,0,ISRO / NRSC Landslide Inventory & GLC
1102,"Sombaria, West Sikkim",08/19/2009 08:30:00 PM,27.2644,88.1365,NER,"Sombaria, West Sikkim",downpour,medium,2,0,ISRO / NRSC Landslide Inventory & GLC
1056,"Darjeeling, West Bengal ",07/22/2009 12:00:00 AM,27.04,88.264,Bengal,"Darjeeling, West Bengal ",downpour,medium,0,0,ISRO / NRSC Landslide Inventory & GLC
6293,South West Garo Hills,10/20/2014 12:00:00 AM,25.5006,90.0896,Meghalaya,South West Garo Hills,rain,medium,6,0,ISRO / NRSC Landslide Inventory & GLC
4858,"Nursery, North Guwahati, Guwahati, Assam,",05-11-2013 09:00,26.1662,91.7138,Assam,"Nursery, North Guwahati, Guwahati, Assam,",rain,medium,0,0,ISRO / NRSC Landslide Inventory & GLC
5269,"Tizu, Nagaland",08-04-2013 00:00,25.8376,94.5234,Nāgāland,"Tizu, Nagaland",continuous_rain,medium,0,0,ISRO / NRSC Landslide Inventory & GLC
5270,"Phizo, Nagaland",08-04-2013 00:00,26.0481,94.4619,Nāgāland,"Phizo, Nagaland",continuous_rain,medium,0,0,ISRO / NRSC Landslide Inventory & GLC
6284,Batahghuli,09/22/2014 12:00:00 AM,26.1324,91.8342,Assam,Batahghuli,rain,small,0,1,ISRO / NRSC Landslide Inventory & GLC
4394,"Rolep, South Sikkim( Mapping to Rhenock 12 miles from Rolep)",06-07-2012 04:30,27.1748,88.6458,Sikkim,"Rolep, South Sikkim( Mapping to Rhenock 12 miles from Rolep)",rain,large,7,0,ISRO / NRSC Landslide Inventory & GLC
6146,"Kalimpong, West Bengal",07/15/2014 12:00:00 AM,27.059,88.4694,West Bengal,"Kalimpong, West Bengal",rain,small,0,0,ISRO / NRSC Landslide Inventory & GLC
9251,"Government Middle School (GMS) Kiphire station “B”, Kiphire, Nagaland, India",07/28/2016 11:00:00 PM,25.8702,94.7844,Nagaland,"Government Middle School (GMS) Kiphire station “B”, Kiphire, Nagaland, India",downpour,medium,0,0,ISRO / NRSC Landslide Inventory & GLC
7699,Zunheboto district,08/19/2015 12:00:00 AM,26.0214,94.5224,Nagaland,Zunheboto district,continuous_rain,medium,0,0,ISRO / NRSC Landslide Inventory & GLC
7664,Nungba,08-11-2015 00:00,24.7459,93.4251,Manipur,Nungba,continuous_rain,medium,0,0,ISRO / NRSC Landslide Inventory & GLC
1088,"Kerseong, Sub-division, Siliguri district, West Bengal",08/16/2009 02:00:00 AM,26.8867642,88.28044714,Bengal,"Kerseong, Sub-division, Siliguri district, West Bengal",downpour,medium,5,0,ISRO / NRSC Landslide Inventory & GLC
7589,National Highway 44,08/19/2015 12:00:00 AM,25.2568,92.3825,Meghalaya,National Highway 44,rain,medium,0,0,ISRO / NRSC Landslide Inventory & GLC
7887,Hawai,08/16/2015 12:00:00 AM,27.8835,96.9262,Arunachal Pradesh,Hawai,continuous_rain,medium,0,0,ISRO / NRSC Landslide Inventory & GLC
9404,"Hayuliang, Anjaw district,Arunachal Pradesh, India",05-01-2016 00:00,28.0822,96.5316,Arunachal Pradesh,"Hayuliang, Anjaw district,Arunachal Pradesh, India",downpour,medium,0,0,ISRO / NRSC Landslide Inventory & GLC
6287,Dhirenpara,09/22/2014 12:00:00 AM,26.1295,91.7056,Assam,Dhirenpara,rain,small,0,0,ISRO / NRSC Landslide Inventory & GLC
2296,"many locations around Namchi, Sikkim",08/20/2010 12:00:00 AM,27.167,88.3652,Sikkim,"many locations around Namchi, Sikkim",downpour,medium,0,0,ISRO / NRSC Landslide Inventory & GLC
2304,"NH 39 at Kigwema(?), between Mao Gate and Kohima, Nagaland",08/21/2010 06:00:00 PM,25.5718,94.1211,Nāgāland,"NH 39 at Kigwema(?), between Mao Gate and Kohima, Nagaland",downpour,medium,0,0,ISRO / NRSC Landslide Inventory & GLC
5273,"Zhekuto, Nagaland",08-04-2013 00:00,26.1807,94.5497,Nāgāland,"Zhekuto, Nagaland",monsoon,medium,0,0,ISRO / NRSC Landslide Inventory & GLC
1125,"17th Mile towards Tsomgo Lake, near Kyongsala, Sikkim ",08/26/2009 12:00:00 AM,27.3746,88.7648,Sikkim,"17th Mile towards Tsomgo Lake, near Kyongsala, Sikkim ",rain,medium,0,0,ISRO / NRSC Landslide Inventory & GLC
8995,"Noonmati Nijarapar area of the city, Guwahati, Assam, India",07/14/2016 12:00:00 AM,26.1963,91.8074,Assam,"Noonmati Nijarapar area of the city, Guwahati, Assam, India",monsoon,small,1,0,ISRO / NRSC Landslide Inventory & GLC
2112,"Zang(?), east Sikkim",07/21/2010 08:00:00 AM,27.5509,88.6475,NER,"Zang(?), east Sikkim",downpour,medium,0,0,ISRO / NRSC Landslide Inventory & GLC
2455,"road to Shivpur(Shivpuri), Pauri Garhwal district, Uttarakhand",09/19/2010 12:00:00 AM,30.1035,78.4265,Uttarakhand,"road to Shivpur(Shivpuri), Pauri Garhwal district, Uttarakhand",downpour,medium,0,0,ISRO / NRSC Landslide Inventory & GLC
2567,"Phek, Manipur",10-08-2010 00:00,25.6633,94.4703,Manipur,"Phek, Manipur",downpour,medium,0,0,ISRO / NRSC Landslide Inventory & GLC
241,"National Highway 31A between Rangpo and Tarkhola, in East Sikkim",09-07-2007 00:00,27.201,88.4883,NER,"National Highway 31A between Rangpo and Tarkhola, in East Sikkim",rain,large,0,0,ISRO / NRSC Landslide Inventory & GLC
3794,West Bengal-Sikkim at highway Rambi,07/17/2011 12:00:00 AM,26.99195749,88.42280921,Sikkim,West Bengal-Sikkim at highway Rambi,rain,medium,0,0,ISRO / NRSC Landslide Inventory & GLC
6285,VIP Road,09/22/2014 12:00:00 AM,26.159,91.8178,Assam,VIP Road,rain,small,0,0,ISRO / NRSC Landslide Inventory & GLC
868,"Kamrup, and Sonitpur, Assam",10/29/2008 12:00:00 AM,26.3333,91.25,Assam,"Kamrup, and Sonitpur, Assam",downpour,medium,7,0,ISRO / NRSC Landslide Inventory & GLC
5005,"Walo Ward, Mon Town, Wokha District, Nagaland",07-01-2013 00:00,26.72,95.029,Nāgāland,"Walo Ward, Mon Town, Wokha District, Nagaland",downpour,medium,0,0,ISRO / NRSC Landslide Inventory & GLC
3860,"Maram, Manipur",07/29/2011 12:00:00 AM,25.4192,94.108,Nāgāland,"Maram, Manipur",rain,medium,0,0,ISRO / NRSC Landslide Inventory & GLC
5476,14 Milestone Of J N Marg Near Kyangnosola (East Sikkim),09-07-2013 15:00,27.3736,88.7323,Sikkim,14 Milestone Of J N Marg Near Kyangnosola (East Sikkim),rain,medium,0,0,ISRO / NRSC Landslide Inventory & GLC
1032,"Rangiabong (Jorbungalow), Darjeeling, West Bengal",05/26/2009 12:00:00 AM,27.0095,88.2592,Bengal,"Rangiabong (Jorbungalow), Darjeeling, West Bengal",tropical_cyclone,medium,6,0,ISRO / NRSC Landslide Inventory & GLC
1127,between Mahur and Phaiding railway stations on Barail hills (Mahur and Barail hills located),08/27/2009 12:00:00 AM,25.1718,93.123,Assam,between Mahur and Phaiding railway stations on Barail hills (Mahur and Barail hills located),downpour,medium,0,0,ISRO / NRSC Landslide Inventory & GLC
221,between Bally Halt and Rajchandrapur stations in Kolkata,08/31/2007 12:00:00 AM,22.6461,88.3403,Bengal,between Bally Halt and Rajchandrapur stations in Kolkata,rain,medium,0,0,ISRO / NRSC Landslide Inventory & GLC
1107,"Geetkolbong, Kalimpong sub-division, Darjeeling, West Bengal",08/20/2009 12:00:00 AM,27.0736,88.4779,Bengal,"Geetkolbong, Kalimpong sub-division, Darjeeling, West Bengal",continuous_rain,medium,1,0,ISRO / NRSC Landslide Inventory & GLC
2201,"Darjeeling district, West Bengal, Toy Train route",08-05-2010 00:00,27.0366,88.263,Bengal,"Darjeeling district, West Bengal, Toy Train route",downpour,medium,0,0,ISRO / NRSC Landslide Inventory & GLC
5603,"Tusom, Manipur",10/13/2013 07:30:00 PM,25.426,94.6024,Manipur,"Tusom, Manipur",downpour,medium,0,0,ISRO / NRSC Landslide Inventory & GLC
2042,"Zunheboto, Nagaland",07-06-2010 00:00,26.0093,94.5238,Nāgāland,"Zunheboto, Nagaland",monsoon,medium,0,0,ISRO / NRSC Landslide Inventory & GLC
5442,Arunachal Pradesh,09-02-2013 00:00,27.1614,93.7525,Arunāchal Pradesh,Arunachal Pradesh,downpour,large,0,0,ISRO / NRSC Landslide Inventory & GLC
7933,Maligaon,09-01-2015 00:00,26.1868,91.6739,Assam,Maligaon,rain,medium,2,0,ISRO / NRSC Landslide Inventory & GLC
3637,"Lasumi village in Phek district, Kohima",06/21/2011 12:00:00 AM,25.51614662,94.2341227,Nāgāland,"Lasumi village in Phek district, Kohima",rain,medium,0,0,ISRO / NRSC Landslide Inventory & GLC
6965,"National Highway 31A, Darjeeling Hills",06/17/2015 12:00:00 AM,27.0257,88.4301,West Bengal,"National Highway 31A, Darjeeling Hills",downpour,small,0,0,ISRO / NRSC Landslide Inventory & GLC
4393,"Nathang Maong, Sikkim",06-07-2012 00:00,27.7565,88.632,NER,"Nathang Maong, Sikkim",downpour,large,7,0,ISRO / NRSC Landslide Inventory & GLC
3837,NH 37,07/24/2011 12:30:00 PM,26.5836,93.0038,Assam,NH 37,downpour,medium,0,0,ISRO / NRSC Landslide Inventory & GLC
220,"Velnal village, Tamei sub-division and Toribari village (3 kilometer toward Tamei from Kangpokpi)",08/31/2007 12:00:00 AM,25.1333,93.9667,Manipur,"Velnal village, Tamei sub-division and Toribari village (3 kilometer toward Tamei from Kangpokpi)",rain,medium,0,0,ISRO / NRSC Landslide Inventory & GLC
212,National Highway No 44 at Sonarpur in Meghalaya,08/26/2007 12:00:00 AM,25.5576,91.8506,Meghālaya,National Highway No 44 at Sonarpur in Meghalaya,rain,medium,0,0,ISRO / NRSC Landslide Inventory & GLC
7372,Naga Gate along the Ukhrul-Imphal route,07/31/2015 11:00:00 PM,25.0634,94.3415,Manipur,Naga Gate along the Ukhrul-Imphal route,continuous_rain,medium,0,0,ISRO / NRSC Landslide Inventory & GLC
2570,"Tharon(?) and Langol Tarung villages, Thangmeiband constituency, Imphal, Manipur",10-08-2010 00:00,24.837,93.9128,Manipur,"Tharon(?) and Langol Tarung villages, Thangmeiband constituency, Imphal, Manipur",downpour,medium,0,0,ISRO / NRSC Landslide Inventory & GLC
126,Bardang near Singtam,07/16/2007 12:00:00 AM,27.1499,88.38,Sikkim,Bardang near Singtam,rain,medium,0,0,ISRO / NRSC Landslide Inventory & GLC
1168,"4th Mile on road between Rongli, Rhenock and Rangpo in East Sikkim.",09/17/2009 12:00:00 AM,27.1954,88.6115,Sikkim,"4th Mile on road between Rongli, Rhenock and Rangpo in East Sikkim.",rain,medium,0,0,ISRO / NRSC Landslide Inventory & GLC
3806,"Itanagar (one near Pachali power house, one near Heema Hospital, and one nearRomik Colony at P Sector)",07/19/2011 12:00:00 AM,27.1032,93.6884,Arunāchal Pradesh,"Itanagar (one near Pachali power house, one near Heema Hospital, and one nearRomik Colony at P Sector)",downpour,medium,3,0,ISRO / NRSC Landslide Inventory & GLC
2214,Dārjiling : The traffic along the National Highway 55 was disrupted on Friday following a heavy rainfall that triggered landslide in the Darjeeling H*,08-06-2010 00:00,27.0375,88.2627,Bengal,,downpour,medium,0,0,ISRO / NRSC Landslide Inventory & GLC
2026,"Borsorsa(?), West Khasi Hills, Meghalaya",06/28/2010 12:00:00 AM,25.4916,91.2698,Meghālaya,"Borsorsa(?), West Khasi Hills, Meghalaya",downpour,medium,0,0,ISRO / NRSC Landslide Inventory & GLC
3943,"Samathang, Sikkim",08/23/2011 12:00:00 AM,27.13862165,88.22551799,NER,"Samathang, Sikkim",downpour,medium,5,0,ISRO / NRSC Landslide Inventory & GLC
714,"Kimin-Ziro road in Papum Pare district, road between Doimukh and Sagalee, Doimukh-Hoj road; Arunachal Pradesh",08/14/2008 12:00:00 AM,27.163,94.0,Assam,"Kimin-Ziro road in Papum Pare district, road between Doimukh and Sagalee, Doimukh-Hoj road; Arunachal Pradesh",rain,medium,0,0,ISRO / NRSC Landslide Inventory & GLC
6110,"Bhangagarh, Assam",06/27/2014 12:00:00 AM,26.1619,91.7697,Assam,"Bhangagarh, Assam",rain,small,3,0,ISRO / NRSC Landslide Inventory & GLC
247,"Lower Shajouba village near Tadubi along NH 39, Manipur ",09-08-2007 00:00,25.0604,93.9877,Manipur,"Lower Shajouba village near Tadubi along NH 39, Manipur ",rain,medium,0,0,ISRO / NRSC Landslide Inventory & GLC
4407,"NH44, Malidhor area,  Baleswar",06/13/2012 12:00:00 AM,25.0951,92.3567,Assam,"NH44, Malidhor area,  Baleswar",downpour,medium,0,0,ISRO / NRSC Landslide Inventory & GLC
3789,Mebua (8 km from Seppa),07/16/2011 12:00:00 AM,27.2743,92.9064,Arunāchal Pradesh,Mebua (8 km from Seppa),downpour,medium,0,0,ISRO / NRSC Landslide Inventory & GLC
9618,Kalijhora,10/15/2016 12:00:00 AM,26.9343,88.4486,West Bengal,Kalijhora,downpour,small,0,0,ISRO / NRSC Landslide Inventory & GLC
6292,Hatsingimari,09/23/2014 12:00:00 AM,25.7238,89.9032,Assam,Hatsingimari,continuous_rain,small,1,0,ISRO / NRSC Landslide Inventory & GLC
6783,Tindharia railway maintenance shed,07/19/2012 12:00:00 AM,26.8546,88.3373,West Bengal,Tindharia railway maintenance shed,monsoon,medium,0,0,ISRO / NRSC Landslide Inventory & GLC
545,"A Cachar District village, near village of Srinager, Assam",05/20/2008 12:00:00 AM,24.9849,92.8411,Assam,"A Cachar District village, near village of Srinager, Assam",mining,medium,5,0,ISRO / NRSC Landslide Inventory & GLC
7265,Willong-Yangkhullen stretch,07/22/2015 12:00:00 AM,25.5007,93.9854,Manipur,Willong-Yangkhullen stretch,continuous_rain,medium,0,0,ISRO / NRSC Landslide Inventory & GLC
2436,"Taithu village, Churanchandpur district, Mizoram, Manipur",09/16/2010 03:00:00 AM,24.3069,93.125,Mizoram,"Taithu village, Churanchandpur district, Mizoram, Manipur",downpour,medium,0,0,ISRO / NRSC Landslide Inventory & GLC
7727,between Phesama and Kuima in Nagaland,08/20/2015 06:00:00 PM,25.6263,94.1057,Nagaland,between Phesama and Kuima in Nagaland,continuous_rain,medium,0,0,ISRO / NRSC Landslide Inventory & GLC
7334,Arunachal Pradesh,08/18/2015 12:00:00 AM,28.1737,94.7596,Arunachal Pradesh,Arunachal Pradesh,unknown,medium,1,0,ISRO / NRSC Landslide Inventory & GLC
6200,Arunachal Pradesh/Itanagar,08/17/2014 12:00:00 AM,27.0869,93.6086,Arunachal Pradesh,Arunachal Pradesh/Itanagar,downpour,large,0,0,ISRO / NRSC Landslide Inventory & GLC
9617,Zero near Kurseong,10/15/2016 12:00:00 AM,26.888,88.2796,West Bengal,Zero near Kurseong,unknown,medium,0,0,ISRO / NRSC Landslide Inventory & GLC
7778,Phullen’s main road,08/26/2015 12:00:00 AM,23.8447,93.0514,Mizoram,Phullen’s main road,continuous_rain,medium,0,0,ISRO / NRSC Landslide Inventory & GLC
6290,Mawbah under Mawprem area,09/23/2014 03:00:00 AM,25.5772,91.8666,Meghalaya,Mawbah under Mawprem area,continuous_rain,small,8,1,ISRO / NRSC Landslide Inventory & GLC
4408,"NH44, Kuliang",06/13/2012 12:00:00 AM,25.5498,92.0757,Meghālaya,"NH44, Kuliang",downpour,medium,0,0,ISRO / NRSC Landslide Inventory & GLC
1110,"Kurseong, Darjeeling, West Bengal",08/20/2009 08:30:00 PM,26.88405686,88.28087032,Bengal,"Kurseong, Darjeeling, West Bengal",continuous_rain,medium,0,0,ISRO / NRSC Landslide Inventory & GLC
4403,"Imphal-Jiribam section of NH-37 , Manipur",06-10-2012 00:00,24.8142,93.5444,Manipur,"Imphal-Jiribam section of NH-37 , Manipur",downpour,very_large,0,0,ISRO / NRSC Landslide Inventory & GLC
5429,Tamabong Village In Sikkim State,09-01-2013 18:00,27.3425,88.2426,Sikkim,Tamabong Village In Sikkim State,downpour,medium,5,0,ISRO / NRSC Landslide Inventory & GLC
2140,"road between Halfong and Redzol(?) or Silchar, Assam",07/25/2010 12:00:00 AM,25.0477,92.801,Assam,"road between Halfong and Redzol(?) or Silchar, Assam",downpour,medium,0,0,ISRO / NRSC Landslide Inventory & GLC
2243,"NH-39 near Kohima Municipality Council(KMC) dumping ground, between Zubza(Sechu) and Kohima, Nagaland",08/13/2010 12:00:00 AM,25.70223725,94.04619681,Nāgāland,"NH-39 near Kohima Municipality Council(KMC) dumping ground, between Zubza(Sechu) and Kohima, Nagaland",downpour,medium,0,0,ISRO / NRSC Landslide Inventory & GLC
9074,"Rimbik, Darjeeling, West Bengal state, India",07/20/2016 12:00:00 AM,27.1176,88.1069,West Bengal,"Rimbik, Darjeeling, West Bengal state, India",downpour,large,3,0,ISRO / NRSC Landslide Inventory & GLC
9142,"lower Majakong Ward, Mokokchung, Nagaland, India",06/14/2016 08:00:00 AM,26.3185,94.5247,Nagaland,"lower Majakong Ward, Mokokchung, Nagaland, India",continuous_rain,medium,0,0,ISRO / NRSC Landslide Inventory & GLC
6107,Bamunimaidam,06/26/2014 11:00:00 PM,26.1844,91.7896,Assam,Bamunimaidam,continuous_rain,small,1,0,ISRO / NRSC Landslide Inventory & GLC
255,Wamkhu village along the Tengnoupal-Joupi road in Chandel district,09-10-2007 00:00,24.2451,94.0691,Manipur,Wamkhu village along the Tengnoupal-Joupi road in Chandel district,rain,medium,0,0,ISRO / NRSC Landslide Inventory & GLC
7660,Phesama village,08-12-2015 00:00,25.6237,94.1136,Nagaland,Phesama village,continuous_rain,medium,0,0,ISRO / NRSC Landslide Inventory & GLC
7037,Kurseong,07-01-2015 00:00,26.8811,88.2779,West Bengal,Kurseong,downpour,medium,0,0,ISRO / NRSC Landslide Inventory & GLC
4556,"Namchi to Phongla, Namchi to Melli ,Namchi to Sumbuk",09/16/2012 12:00:00 AM,27.1675,88.3651,Sikkim,"Namchi to Phongla, Namchi to Melli ,Namchi to Sumbuk",downpour,medium,0,0,ISRO / NRSC Landslide Inventory & GLC
7389,between Bongyang and Lokchao along the Imphal-Moreh highway,08-01-2015 00:00,24.4072,94.0644,Manipur,between Bongyang and Lokchao along the Imphal-Moreh highway,continuous_rain,medium,0,0,ISRO / NRSC Landslide Inventory & GLC
2437,"Aizawl-Lengpui rd 3km from Aizawl, Mizoram, Manipur",09/16/2010 12:00:00 AM,23.7527,92.694,Mizoram,"Aizawl-Lengpui rd 3km from Aizawl, Mizoram, Manipur",downpour,medium,0,0,ISRO / NRSC Landslide Inventory & GLC
731,"Akuk village, Wokha District, Nagaland",08/19/2008 12:00:00 AM,26.138,94.25,Nāgāland,"Akuk village, Wokha District, Nagaland",downpour,medium,4,0,ISRO / NRSC Landslide Inventory & GLC
7371,near S Lamphei Lamkhai and Sehlon village,08-01-2015 00:00,23.9939,94.0573,Manipur,near S Lamphei Lamkhai and Sehlon village,continuous_rain,medium,0,0,ISRO / NRSC Landslide Inventory & GLC
7923,Amingaon,09-01-2015 00:00,26.49349035,91.72137514,Assam,Amingaon,rain,medium,2,0,ISRO / NRSC Landslide Inventory & GLC
760,"Kohima, Nagaland",08/29/2008 12:00:00 AM,25.67,94.1066,Nāgāland,"Kohima, Nagaland",downpour,medium,0,0,ISRO / NRSC Landslide Inventory & GLC
2182,Dimapur-Imphal highway (NH 39) near Manipur,07/31/2010 09:00:00 AM,24.9356,93.8443,Manipur,Dimapur-Imphal highway (NH 39) near Manipur,rain,medium,0,0,ISRO / NRSC Landslide Inventory & GLC
3632,"Birik on NH31A, Kalimpong",06/20/2011 08:30:00 PM,27.0638,88.4659,Bengal,"Birik on NH31A, Kalimpong",rain,medium,0,0,ISRO / NRSC Landslide Inventory & GLC
1954,"Irang(?) and Barak(?) and Makru(?) on highway 53 between Imphal and Jiribam, Manipur",06-07-2010 00:00,24.7543,93.5039,Manipur,"Irang(?) and Barak(?) and Makru(?) on highway 53 between Imphal and Jiribam, Manipur",rain,medium,0,0,ISRO / NRSC Landslide Inventory & GLC
6963,"Muanna locality, Mizoram",06/19/2015 12:00:00 AM,23.7131,92.7362,Mizoram,"Muanna locality, Mizoram",rain,medium,0,0,ISRO / NRSC Landslide Inventory & GLC
5336,"Tobu, Nagaland",08/16/2013 12:00:00 AM,26.3897,94.9439,Nāgāland,"Tobu, Nagaland",rain,medium,0,0,ISRO / NRSC Landslide Inventory & GLC
7590,Tongseng,08/19/2015 12:00:00 AM,25.1416,92.3807,Meghalaya,Tongseng,rain,small,0,0,ISRO / NRSC Landslide Inventory & GLC
1222,"Chhinga Veng, Aizawl",10-05-2009 00:00,23.73478778,92.72124394,Mizoram,"Chhinga Veng, Aizawl",downpour,medium,3,0,ISRO / NRSC Landslide Inventory & GLC
8222,"Piyali Phukan Nagar, Guwahati, India",06/22/2016 12:00:00 PM,26.1961,91.7825,Assam,"Piyali Phukan Nagar, Guwahati, India",downpour,medium,1,0,ISRO / NRSC Landslide Inventory & GLC
7706,National Highway at Kuliang,08/19/2015 12:00:00 AM,25.0728,92.3636,Meghalaya,National Highway at Kuliang,rain,medium,0,0,ISRO / NRSC Landslide Inventory & GLC
9215,NH10 in Rangpo,01/14/2016 05:15:00 AM,27.1758,88.5294,West Bengal,NH10 in Rangpo,unknown,medium,1,5,ISRO / NRSC Landslide Inventory & GLC
9620,Rangpo,10/15/2016 12:00:00 AM,27.172,88.5292,Sikkim,Rangpo,downpour,medium,0,0,ISRO / NRSC Landslide Inventory & GLC
8224,"Aizawl, Mizoram, India",09/14/2015 01:30:00 AM,23.7313,92.7187,Mizoram,"Aizawl, Mizoram, India",downpour,medium,0,0,ISRO / NRSC Landslide Inventory & GLC
614,"Kurseong sub division, Mamring",06/29/2008 12:00:00 AM,26.89,88.28,Bengal,"Kurseong sub division, Mamring",unknown,medium,0,0,ISRO / NRSC Landslide Inventory & GLC
242,"Darjeeling Hills, multiple villages in area (Kurseong, Kalimpong, Bhalukopa, Kukhleinkhani)",09-07-2007 00:00,26.8833,88.2833,Bengal,"Darjeeling Hills, multiple villages in area (Kurseong, Kalimpong, Bhalukopa, Kukhleinkhani)",rain,medium,0,0,ISRO / NRSC Landslide Inventory & GLC
4241,Tamei constituency in Tamenlong district,03-04-2012 00:00,25.1604,93.6795,Manipur,Tamei constituency in Tamenlong district,unknown,medium,0,0,ISRO / NRSC Landslide Inventory & GLC
755,"Ranka, Sikkim and Louing road",08/28/2008 12:00:00 AM,27.337,88.609,Sikkim,"Ranka, Sikkim and Louing road",downpour,medium,0,0,ISRO / NRSC Landslide Inventory & GLC
1756,"Nam Nang, Gangtok",04/17/2010 12:00:00 AM,27.322,88.6087,Sikkim,"Nam Nang, Gangtok",downpour,small,0,0,ISRO / NRSC Landslide Inventory & GLC
1930,"Anini-Roing road,  Dibang Valley,  Arunachal Pradesh ",05/31/2010 12:00:00 AM,28.4298,95.8776,Arunāchal Pradesh,"Anini-Roing road,  Dibang Valley,  Arunachal Pradesh ",downpour,medium,0,0,ISRO / NRSC Landslide Inventory & GLC
9334,"Bilaipur, Hailakandi district, Assam, India",05/18/2016 08:00:00 AM,24.5204,92.7264,Assam,"Bilaipur, Hailakandi district, Assam, India",continuous_rain,unknown,2,0,ISRO / NRSC Landslide Inventory & GLC
8237,"Old Inspection Bungalow, Bhalukpong town, West Kameng, Arunachal Pradesh, India",07-01-2016 00:00,27.0136,92.6351,Arunachal Pradesh,"Old Inspection Bungalow, Bhalukpong town, West Kameng, Arunachal Pradesh, India",downpour,large,5,3,ISRO / NRSC Landslide Inventory & GLC
4385,"lachen, Sikkim",06-03-2012 00:00,27.7167,88.5577,NER,"lachen, Sikkim",downpour,medium,0,0,ISRO / NRSC Landslide Inventory & GLC
585,"Itanagar-Naharlagun, Arunachal Pradesh",06/14/2008 12:00:00 AM,27.0998,93.6287,Arunāchal Pradesh,"Itanagar-Naharlagun, Arunachal Pradesh",rain,large,21,0,ISRO / NRSC Landslide Inventory & GLC
4859,"Sarania Hills, North Guwahati, Guwahati, Assam,",05-11-2013 00:00,26.1771,91.7599,Assam,"Sarania Hills, North Guwahati, Guwahati, Assam,",rain,medium,0,1,ISRO / NRSC Landslide Inventory & GLC
4436,"Khonsa, Arunachal Pradesh",06/25/2012 12:00:00 AM,26.9986,95.4993,Arunāchal Pradesh,"Khonsa, Arunachal Pradesh",downpour,medium,0,0,ISRO / NRSC Landslide Inventory & GLC
3916,"Chumukedima, Dimapur",08/13/2011 08:00:00 AM,25.7713,93.8067,Assam,"Chumukedima, Dimapur",downpour,medium,0,0,ISRO / NRSC Landslide Inventory & GLC
7034,"Lava, Kalimpong",06/30/2015 12:00:00 AM,27.0875,88.6556,West Bengal,"Lava, Kalimpong",downpour,medium,1,0,ISRO / NRSC Landslide Inventory & GLC
5250,"Polo River At Polosang, Arunachal Pradesh",08-01-2013 00:00,27.8837,93.0515,Arunachal Pradesh,"Polo River At Polosang, Arunachal Pradesh",rain,medium,0,0,ISRO / NRSC Landslide Inventory & GLC
3805,200 meters from Teesta Bridge towards Siliguri,07/19/2011 12:00:00 AM,27.05374234,88.42572376,Sikkim,200 meters from Teesta Bridge towards Siliguri,rain,medium,0,0,ISRO / NRSC Landslide Inventory & GLC
3738,"National Highway 53, Sinam Khul (near Kotlen; ~25 km from Imphal)",07-06-2011 00:00,24.8063,93.9482,Manipur,"National Highway 53, Sinam Khul (near Kotlen; ~25 km from Imphal)",downpour,medium,6,0,ISRO / NRSC Landslide Inventory & GLC
2426,"Hual(Hu) village(?), Lunglei-Lawngtlai rd, Mizoram",09/13/2010 12:00:00 AM,22.7176,92.8416,Mizoram,"Hual(Hu) village(?), Lunglei-Lawngtlai rd, Mizoram",downpour,medium,0,0,ISRO / NRSC Landslide Inventory & GLC
1084,"Upper Subansiri District, Arunanchal Pradesh",08-12-2009 00:00,27.7,92.8,Arunāchal Pradesh,"Upper Subansiri District, Arunanchal Pradesh",downpour,medium,0,0,ISRO / NRSC Landslide Inventory & GLC
7266,Yangkhullen-Tamphung road till Nagaland border,07/22/2015 12:00:00 AM,25.5098,93.8794,Manipur,Yangkhullen-Tamphung road till Nagaland border,continuous_rain,medium,0,0,ISRO / NRSC Landslide Inventory & GLC
1129,"Road stretch from Gammom to Chamu village, under Kamjong block, Ukhrul district, Manipur",08/30/2009 12:00:00 AM,24.8628,94.4182,Manipur,"Road stretch from Gammom to Chamu village, under Kamjong block, Ukhrul district, Manipur",downpour,medium,0,0,ISRO / NRSC Landslide Inventory & GLC
2166,"Highway 53 at Tupul, Tamenglong district",07/29/2010 12:00:00 AM,24.9786,93.5027,Assam,"Highway 53 at Tupul, Tamenglong district",downpour,medium,0,0,ISRO / NRSC Landslide Inventory & GLC
213,Shillong Road at Kuliang in the Jaintia Hills,08/26/2007 12:00:00 AM,25.2946,92.8339,Assam,Shillong Road at Kuliang in the Jaintia Hills,rain,medium,0,0,ISRO / NRSC Landslide Inventory & GLC
4426,Lalunggaon near Gorchuk area,06/22/2012 12:00:00 AM,26.1226,91.7162,Assam,Lalunggaon near Gorchuk area,downpour,medium,3,0,ISRO / NRSC Landslide Inventory & GLC
8366,"Shillong, Meghalaya, India",09/23/2015 03:00:00 PM,25.583,91.893,Meghalaya,"Shillong, Meghalaya, India",downpour,medium,2,1,ISRO / NRSC Landslide Inventory & GLC
1934,Rongpur village under Bhairabhnagar panchayat in Karimganj district,06-03-2010 05:00,24.6005,92.3814,Assam,Rongpur village under Bhairabhnagar panchayat in Karimganj district,downpour,medium,2,0,ISRO / NRSC Landslide Inventory & GLC
7655,"Tawang, Arunachal Pradesh",04/22/2016 02:30:00 AM,27.5799,91.8569,Arunachal Pradesh,"Tawang, Arunachal Pradesh",continuous_rain,medium,17,0,ISRO / NRSC Landslide Inventory & GLC
9464,Babrang village under Jang circle in Tawang district,08-05-2016 00:00,27.5754,91.9754,Arunachal Pradesh,Babrang village under Jang circle in Tawang district,downpour,medium,0,3,ISRO / NRSC Landslide Inventory & GLC
3912,East Kameng district in Arunachal Pradesh bordering China,08-12-2011 00:00,27.44,92.2833,Arunāchal Pradesh,East Kameng district in Arunachal Pradesh bordering China,rain,medium,0,0,ISRO / NRSC Landslide Inventory & GLC
5272,"Longsa, Nagaland",08-04-2013 00:00,26.2083,94.5438,Nāgāland,"Longsa, Nagaland",monsoon,medium,0,0,ISRO / NRSC Landslide Inventory & GLC
580,"near Kuloor church, in Manipur along National Highway",06-09-2008 00:00,24.6596,93.9784,Manipur,"near Kuloor church, in Manipur along National Highway",monsoon,medium,0,0,ISRO / NRSC Landslide Inventory & GLC
5575,"Chiechama, Nagaland",10-05-2013 23:00,25.8266,94.1497,Nāgāland,"Chiechama, Nagaland",continuous_rain,medium,0,0,ISRO / NRSC Landslide Inventory & GLC
8996,"Pub Sarania hill, South Sarania, Guwahati, Assam, India",07/14/2016 12:00:00 AM,26.1768,91.7702,Assam,"Pub Sarania hill, South Sarania, Guwahati, Assam, India",monsoon,small,1,0,ISRO / NRSC Landslide Inventory & GLC
1613,"Koloriang, Kuring Kumey district, Arunachal Pradesh",04-02-2010 23:00,27.8997,93.3497,Arunāchal Pradesh,"Koloriang, Kuring Kumey district, Arunachal Pradesh",downpour,large,12,0,ISRO / NRSC Landslide Inventory & GLC
7138,"NH-10, Sepi Jhora, Kalimpong",07-07-2015 00:00,27.0816,88.4397,Sikkim,"NH-10, Sepi Jhora, Kalimpong",continuous_rain,small,0,0,ISRO / NRSC Landslide Inventory & GLC
4857,"Laipuitland , Aizawl, Mizoram",05-11-2013 09:00,23.7281,92.7175,Mizoram,"Laipuitland , Aizawl, Mizoram",rain,large,15,0,ISRO / NRSC Landslide Inventory & GLC
6945,"amei to Kangpokpi via Imphal road, 0.5 km from Tamei, Tamenglang District",06/19/2015 12:00:00 AM,25.16,93.686,Manipur,"amei to Kangpokpi via Imphal road, 0.5 km from Tamei, Tamenglang District",monsoon,medium,0,0,ISRO / NRSC Landslide Inventory & GLC
1857,"National highway 44 at Sunapur and Tongseng in Jaintia Hills district, eastern Meghalaya",05-11-2010 09:00,25.3433,92.2897,Meghālaya,"National highway 44 at Sunapur and Tongseng in Jaintia Hills district, eastern Meghalaya",downpour,medium,0,0,ISRO / NRSC Landslide Inventory & GLC
2743,"Tawang Monastery, Arunachal Pradesh",11/22/2010 12:00:00 AM,27.5798729,91.85672387,Arunāchal Pradesh,"Tawang Monastery, Arunachal Pradesh",unknown,medium,0,0,ISRO / NRSC Landslide Inventory & GLC
4860,"Boragaon, North Guwahati, Guwahati, Assam,",05-11-2013 00:00,26.1016,91.6906,Assam,"Boragaon, North Guwahati, Guwahati, Assam,",rain,medium,0,0,ISRO / NRSC Landslide Inventory & GLC
4845,"Kolasib, Saiha, Mizoram,",05-07-2013 00:00,24.2315,92.6755,Mizoram,"Kolasib, Saiha, Mizoram,",rain,medium,0,0,ISRO / NRSC Landslide Inventory & GLC
7363,"Limbu Dhura, Tingling",06/30/2015 11:00:00 PM,26.8843,88.1835,West Bengal,"Limbu Dhura, Tingling",downpour,medium,19,0,ISRO / NRSC Landslide Inventory & GLC
1770,"Kharghuli, Guwahati, Assam",04/20/2010 12:00:00 AM,26.1965,91.763,Assam,"Kharghuli, Guwahati, Assam",downpour,medium,0,0,ISRO / NRSC Landslide Inventory & GLC
7728,Natonal Highway in Jorabat area,08/22/2015 09:00:00 AM,26.1028,91.8806,Assam,Natonal Highway in Jorabat area,continuous_rain,medium,0,0,ISRO / NRSC Landslide Inventory & GLC
5274,"Suruhuto Town, Nagaland",08-04-2013 00:00,26.0838,94.564,Nāgāland,"Suruhuto Town, Nagaland",rain,medium,0,0,ISRO / NRSC Landslide Inventory & GLC
7836,"National Highway 54, at Kawnpui town",08/27/2015 12:00:00 AM,24.042,92.6724,Mizoram,"National Highway 54, at Kawnpui town",downpour,medium,0,0,ISRO / NRSC Landslide Inventory & GLC
3776,Itanagar/Naharlagur/Nirjuli,07/15/2011 06:00:00 PM,27.125,93.7145,Arunāchal Pradesh,Itanagar/Naharlagur/Nirjuli,downpour,small,0,0,ISRO / NRSC Landslide Inventory & GLC
4798,"Dibang Valley, Arunachal Pradesh",04-07-2013 00:00,28.8254,96.1509,Arunachal Pradesh,"Dibang Valley, Arunachal Pradesh",rain,medium,0,0,ISRO / NRSC Landslide Inventory & GLC
7388,Senam,08-01-2015 00:00,24.416,94.0984,Manipur,Senam,continuous_rain,medium,0,0,ISRO / NRSC Landslide Inventory & GLC
5421,"Yakshu, Nagaland",08/30/2013 12:00:00 AM,26.4205,94.9731,Nāgāland,"Yakshu, Nagaland",unknown,medium,0,0,ISRO / NRSC Landslide Inventory & GLC
2343,"NH-39 at Ekai village(?), 2 km for Tadubi, Manipur",08/27/2010 04:30:00 PM,25.4786,94.1327,Nāgāland,"NH-39 at Ekai village(?), 2 km for Tadubi, Manipur",downpour,medium,0,0,ISRO / NRSC Landslide Inventory & GLC
3619,"National HWY 31A, Birik (cut off Sikkim)",06/17/2011 07:30:00 PM,27.4885,88.4451,NER,"National HWY 31A, Birik (cut off Sikkim)",rain,medium,0,0,ISRO / NRSC Landslide Inventory & GLC
3683,NH-61 between Botsa and Chiechama,07-01-2011 00:00,25.8782,94.1739,Nāgāland,NH-61 between Botsa and Chiechama,downpour,medium,0,0,ISRO / NRSC Landslide Inventory & GLC
9619,Namchi,10/15/2016 12:00:00 AM,27.1695,88.3664,Sikkim,Namchi,rain,medium,0,0,ISRO / NRSC Landslide Inventory & GLC
7591,Ratacherra,03/19/2015 12:00:00 AM,25.0318,92.4584,Assam,Ratacherra,rain,small,0,0,ISRO / NRSC Landslide Inventory & GLC
5441,"Gosang Village Under Jengging Circle, Arunachal Pradesh",09-02-2013 00:00,28.611,94.9829,Arunāchal Pradesh,"Gosang Village Under Jengging Circle, Arunachal Pradesh",downpour,large,0,0,ISRO / NRSC Landslide Inventory & GLC
9232,"Ngur, near Mizoram-Myanmar border, India",07/28/2016 11:00:00 PM,23.5397,93.3783,Mizoram,"Ngur, near Mizoram-Myanmar border, India",continuous_rain,medium,2,6,ISRO / NRSC Landslide Inventory & GLC
4434,"Sonaighuli area near Kahilipara, Guwahati City, Assam",06/25/2012 06:00:00 PM,26.1049,91.7369,Assam,"Sonaighuli area near Kahilipara, Guwahati City, Assam",downpour,large,1,0,ISRO / NRSC Landslide Inventory & GLC
1090,"Malutar tea estate, Darjeeling, West Bengal",08/16/2009 12:00:00 AM,26.9599,88.268,Bengal,"Malutar tea estate, Darjeeling, West Bengal",downpour,medium,2,0,ISRO / NRSC Landslide Inventory & GLC
4378,"Arunachal Pradesh, Dibang,",06-02-2012 00:00,28.8254,96.1517,Arunachal Pradesh,"Arunachal Pradesh, Dibang,",downpour,medium,0,0,ISRO / NRSC Landslide Inventory & GLC
7214,Type-IV Colony of Seppa in East Kameng,07/15/2015 08:00:00 AM,27.36,93.0385,Arunachal Pradesh,Type-IV Colony of Seppa in East Kameng,monsoon,medium,3,0,ISRO / NRSC Landslide Inventory & GLC
5582,"Batahguli, Guwahati, Assam",10-06-2013 12:45,26.1309,91.8383,Assam,"Batahguli, Guwahati, Assam",downpour,medium,1,0,ISRO / NRSC Landslide Inventory & GLC
2405,"Mossing(Mosing) village(?), Upper Siang district, Arunachal Pradesh",09-09-2010 23:00,28.3036,95.4112,Arunāchal Pradesh,"Mossing(Mosing) village(?), Upper Siang district, Arunachal Pradesh",downpour,medium,10,0,ISRO / NRSC Landslide Inventory & GLC
3556,"Roads between Tamei(Tamma?), Kangpokpi and Chalwa, Manipur",05/31/2011 02:00:00 PM,25.1555,93.8474,Manipur,"Roads between Tamei(Tamma?), Kangpokpi and Chalwa, Manipur",continuous_rain,small,0,0,ISRO / NRSC Landslide Inventory & GLC
2569,"Bungte Chiru village(?), Senapati district, Manipur",10-08-2010 00:00,25.2745,94.0212,Nāgāland,"Bungte Chiru village(?), Senapati district, Manipur",downpour,medium,0,0,ISRO / NRSC Landslide Inventory & GLC
2423,"road to Kanan Veng from Hunthar Veng, Mizoram",09/13/2010 12:00:00 AM,23.73504471,92.71060943,Mizoram,"road to Kanan Veng from Hunthar Veng, Mizoram",downpour,medium,0,0,ISRO / NRSC Landslide Inventory & GLC
3532,"Silchar-Haflong rd., at Reko(Rekha )(?), near Harangajao, Barail Hills, Assam",05/24/2011 12:00:00 AM,25.0888,92.8551,Assam,"Silchar-Haflong rd., at Reko(Rekha )(?), near Harangajao, Barail Hills, Assam",downpour,medium,0,0,ISRO / NRSC Landslide Inventory & GLC
2345,"Daragaon(?), Gangtok city, Sikkim",08/27/2010 06:00:00 PM,27.3392,88.6188,Sikkim,"Daragaon(?), Gangtok city, Sikkim",downpour,medium,0,0,ISRO / NRSC Landslide Inventory & GLC
7956,Byrnihat,09-05-2015 00:00,26.048,91.8695,Meghalaya,Byrnihat,unknown,medium,0,0,ISRO / NRSC Landslide Inventory & GLC
2425,"near Tuichang(?) on Tuichang river, Aizawl-Champhai rd, Mizoram",09/13/2010 12:00:00 AM,23.3439,93.0748,Mizoram,"near Tuichang(?) on Tuichang river, Aizawl-Champhai rd, Mizoram",downpour,medium,0,0,ISRO / NRSC Landslide Inventory & GLC
6970,Akonggre,06/16/2015 12:00:00 AM,25.5084,90.2191,Meghalaya,Akonggre,downpour,small,1,0,ISRO / NRSC Landslide Inventory & GLC
5312,Kangtsung Village,08-11-2013 23:00,26.7103,94.693,Assam,Kangtsung Village,downpour,very_large,0,0,ISRO / NRSC Landslide Inventory & GLC
1929,"North Sikkiim Highway, periphery of Gangtok, Sikkim East district",05/31/2010 11:00:00 PM,27.3543,88.6428,Sikkim,"North Sikkiim Highway, periphery of Gangtok, Sikkim East district",downpour,medium,0,0,ISRO / NRSC Landslide Inventory & GLC
2568,"Nungba, Tamenglong, Manipur",10-08-2010 00:00,24.7679,93.4108,Assam,"Nungba, Tamenglong, Manipur",downpour,medium,0,0,ISRO / NRSC Landslide Inventory & GLC
7409,Meluri Sub-Division in Phek District of Nagaland,08-02-2015 00:00,25.72,94.6219,Nagaland,Meluri Sub-Division in Phek District of Nagaland,continuous_rain,medium,0,0,ISRO / NRSC Landslide Inventory & GLC
9219,"Zunheboto, Nagaland, India",07/26/2016 11:00:00 PM,26.0101,94.5282,Nagaland,"Zunheboto, Nagaland, India",downpour,medium,0,0,ISRO / NRSC Landslide Inventory & GLC
7141,"Yedakumeri, Bengaluru-Mangaluru train",07-08-2015 00:00,12.9455,75.7797,Karnataka,"Yedakumeri, Bengaluru-Mangaluru train",rain,small,0,0,ISRO / NRSC Landslide Inventory & GLC
274,"Multiple places along 31A, Tarkhola area in Kalimpong district and Sevoke in WB",09/20/2007 12:00:00 AM,27.0875,88.4572,Bengal,"Multiple places along 31A, Tarkhola area in Kalimpong district and Sevoke in WB",rain,medium,0,0,ISRO / NRSC Landslide Inventory & GLC
2579,"Lower Pezielietsie(Tinpati), Kohima, Manipur",10-09-2010 00:00,25.682,94.1076,Nāgāland,"Lower Pezielietsie(Tinpati), Kohima, Manipur",downpour,medium,0,0,ISRO / NRSC Landslide Inventory & GLC
8223,"Aizawl, Mizoram, India",09/14/2015 03:10:00 AM,23.7348,92.7187,Mizoram,"Aizawl, Mizoram, India",downpour,large,0,0,ISRO / NRSC Landslide Inventory & GLC
7336,NH-62 at Sibbari,08/19/2015 09:00:00 AM,25.2193,90.5549,Meghalaya,NH-62 at Sibbari,continuous_rain,medium,0,0,ISRO / NRSC Landslide Inventory & GLC
9252,"Dolma Lhakang complex, Lumla, Tawang,  Arunachal Pradesh, India",07/28/2016 12:00:00 AM,27.5748,91.8644,Arunachal Pradesh,"Dolma Lhakang complex, Lumla, Tawang,  Arunachal Pradesh, India",monsoon,medium,0,0,ISRO / NRSC Landslide Inventory & GLC
7038,"Khahare Khola, Kurseong",07-01-2015 00:00,26.8781,88.2807,West Bengal,"Khahare Khola, Kurseong",downpour,medium,0,0,ISRO / NRSC Landslide Inventory & GLC
5300,"Senapati, Manipur",08-09-2013 00:00,25.318,94.0441,Nāgāland,"Senapati, Manipur",downpour,large,0,0,ISRO / NRSC Landslide Inventory & GLC
7665,Khoupum,08-11-2015 00:00,24.7016,93.5291,Manipur,Khoupum,continuous_rain,medium,0,0,ISRO / NRSC Landslide Inventory & GLC
133,Beldanga,07/21/2007 12:00:00 AM,23.9304,88.2374,Bengal,Beldanga,rain,medium,1,0,ISRO / NRSC Landslide Inventory & GLC
1994,"rails between Jatinga and Longrangjao(?), Assam",06/16/2010 12:00:00 AM,25.0633,92.8025,Assam,"rails between Jatinga and Longrangjao(?), Assam",downpour,medium,0,0,ISRO / NRSC Landslide Inventory & GLC
3760,"NH-61, 1 km before reaching Botsa",07-11-2011 09:00,25.6703,94.1095,Nāgāland,"NH-61, 1 km before reaching Botsa",downpour,medium,0,0,ISRO / NRSC Landslide Inventory & GLC
9587,between Siliguri and Sevak,10-12-2016 00:00,26.8692,88.4695,West Bengal,between Siliguri and Sevak,downpour,medium,0,0,ISRO / NRSC Landslide Inventory & GLC
7139,Kurseong,07-07-2015 23:00,26.8826,88.2806,West Bengal,Kurseong,continuous_rain,medium,1,0,ISRO / NRSC Landslide Inventory & GLC
692,"National Highway-39, Dimapur-Imphal road and another under Kiphire district of Nagaland",08-07-2008 00:00,25.705,94.04,Nāgāland,"National Highway-39, Dimapur-Imphal road and another under Kiphire district of Nagaland",downpour,medium,0,0,ISRO / NRSC Landslide Inventory & GLC
3633,Mokokchung,06/20/2011 12:00:00 AM,26.3186,94.5121,Nāgāland,Mokokchung,downpour,medium,0,0,ISRO / NRSC Landslide Inventory & GLC
7374,Ukhrul town Circular road from Rayotang to Viewland Zone II,08-01-2015 00:00,25.1122,94.3591,Manipur,Ukhrul town Circular road from Rayotang to Viewland Zone II,continuous_rain,medium,0,0,ISRO / NRSC Landslide Inventory & GLC
4446,"Tuting, Upper Siang , Arunachal Pradesh",07-05-2012 00:00,28.9986,94.8885,Arunachal Pradesh,"Tuting, Upper Siang , Arunachal Pradesh",downpour,large,0,0,ISRO / NRSC Landslide Inventory & GLC
2341,"NH-31A at Topakhani tunnel(?) and fruit preservation factory(?) and Chisopani bridge(?), near Singtam and Gangtok and Rangpo, Sikkim",08/26/2010 11:00:00 PM,27.2319,88.497,NER,"NH-31A at Topakhani tunnel(?) and fruit preservation factory(?) and Chisopani bridge(?), near Singtam and Gangtok and Rangpo, Sikkim",downpour,medium,0,0,ISRO / NRSC Landslide Inventory & GLC
2098,"Jahjon ward(?), Mon town, Nagaland",07/19/2010 06:00:00 AM,26.7215,95.0283,Nāgāland,"Jahjon ward(?), Mon town, Nagaland",downpour,medium,0,0,ISRO / NRSC Landslide Inventory & GLC
269,Geyzing-Jorethang road and Naya Bazar-Legship road,09/18/2007 12:00:00 AM,27.2872,88.2816,Sikkim,Geyzing-Jorethang road and Naya Bazar-Legship road,rain,medium,0,0,ISRO / NRSC Landslide Inventory & GLC
2205,"Dawrpui Vengthar cemetary, Aizwal, Mizoram",08-06-2010 00:00,23.7365,92.7146,Mizoram,"Dawrpui Vengthar cemetary, Aizwal, Mizoram",downpour,medium,0,0,ISRO / NRSC Landslide Inventory & GLC
4610,"Dapchhuah, Mamit, Mizoram",11-11-2012 00:00,23.7705,92.5217,Mizoram,"Dapchhuah, Mamit, Mizoram",downpour,medium,4,0,ISRO / NRSC Landslide Inventory & GLC
5275,"Suruhuto Town, Nagaland",08-04-2013 00:00,26.1498,94.6055,Nāgāland,"Suruhuto Town, Nagaland",monsoon,medium,0,0,ISRO / NRSC Landslide Inventory & GLC
2440,"Maletha village, near Badrinath",09/17/2010 12:00:00 AM,30.75402442,79.49970189,Uttarakhand,"Maletha village, near Badrinath",downpour,very_large,0,0,ISRO / NRSC Landslide Inventory & GLC
9138,"NH 10 between Coronation Bridge and Sevoke Kalibari, West Bengal, India",07/21/2016 09:00:00 AM,26.9015,88.4719,West Bengal,"NH 10 between Coronation Bridge and Sevoke Kalibari, West Bengal, India",rain,medium,0,0,ISRO / NRSC Landslide Inventory & GLC
1031,"Kurseong, Darjeeling, West Bengal",05/26/2009 12:00:00 AM,26.8836,88.2791,Bengal,"Kurseong, Darjeeling, West Bengal",tropical_cyclone,medium,7,0,ISRO / NRSC Landslide Inventory & GLC
2247,"Tuensang-Shamatore(Sampurre) rd, Nagaland",08/14/2010 12:00:00 AM,26.148,94.8422,Nāgāland,"Tuensang-Shamatore(Sampurre) rd, Nagaland",downpour,medium,0,0,ISRO / NRSC Landslide Inventory & GLC
6964,"National Highway 31A, Darjeeling Hills",06/17/2015 12:00:00 AM,27.0087,88.443,West Bengal,"National Highway 31A, Darjeeling Hills",downpour,small,0,0,ISRO / NRSC Landslide Inventory & GLC
3927,"Garo Hills, Tura",08/16/2011 08:00:00 AM,25.5144,90.2167,Meghālaya,"Garo Hills, Tura",downpour,medium,6,0,ISRO / NRSC Landslide Inventory & GLC
259,"Assam-Agartala National Highway, Sonarpur in Jayantiya hills of Meghalaya",09-11-2007 00:00,25.52,91.27,Meghālaya,"Assam-Agartala National Highway, Sonarpur in Jayantiya hills of Meghalaya",rain,medium,0,0,ISRO / NRSC Landslide Inventory & GLC
6112,"Kharghuli Hills, Assam",06/28/2014 09:00:00 AM,26.1964,91.7652,Assam,"Kharghuli Hills, Assam",rain,medium,0,0,ISRO / NRSC Landslide Inventory & GLC
7039,8 mile in Kalimpong,07-01-2015 00:00,27.0678,88.456,West Bengal,8 mile in Kalimpong,downpour,medium,0,0,ISRO / NRSC Landslide Inventory & GLC
231,Darjeeling Hills (Lebong - 10 km from Darjeeling,09-05-2007 00:00,27.06826195,88.28121204,Bengal,Darjeeling Hills (Lebong - 10 km from Darjeeling,rain,medium,15,0,ISRO / NRSC Landslide Inventory & GLC
7390,between Tengnoupal-Sita junction and Tengnoupal Power Sub-Station,08-01-2015 00:00,24.4265,94.1913,Manipur,between Tengnoupal-Sita junction and Tengnoupal Power Sub-Station,continuous_rain,medium,0,0,ISRO / NRSC Landslide Inventory & GLC
7036,"Mahendra village, Thana Line, Tingling Garden village in Mirik",07-01-2015 00:00,26.8352,88.1881,West Bengal,"Mahendra village, Thana Line, Tingling Garden village in Mirik",downpour,large,42,0,ISRO / NRSC Landslide Inventory & GLC
1106,"(Okai Tea Garden) Mirik, Darjeeling, West Bengal",08/20/2009 12:00:00 AM,26.8992,88.1667,Bengal,"(Okai Tea Garden) Mirik, Darjeeling, West Bengal",continuous_rain,medium,2,0,ISRO / NRSC Landslide Inventory & GLC
2420,"Tuikual 'C', Aizawl, Mizoram",09/13/2010 12:00:00 AM,23.72988966,92.71495623,Mizoram,"Tuikual 'C', Aizawl, Mizoram",downpour,medium,1,0,ISRO / NRSC Landslide Inventory & GLC
264,Guwahati,09/13/2007 12:00:00 AM,26.1833,91.8,Assam,Guwahati,rain,medium,0,0,ISRO / NRSC Landslide Inventory & GLC
2034,"Toy Train rails between Siliguri and Darjeeling, West Bengal",07-04-2010 00:00,26.8712,88.3052,Bengal,"Toy Train rails between Siliguri and Darjeeling, West Bengal",rain,medium,0,0,ISRO / NRSC Landslide Inventory & GLC
251,Hingdam village in South Sikkim,09-09-2007 00:00,27.1667,88.35,Sikkim,Hingdam village in South Sikkim,rain,medium,1,0,ISRO / NRSC Landslide Inventory & GLC
4373,Jawaharlal Nehru Marg,05/30/2012 12:00:00 AM,26.876,75.8101,Rajasthan,Jawaharlal Nehru Marg,downpour,large,0,0,ISRO / NRSC Landslide Inventory & GLC
6214,Jorabat-Umiam route,10-05-2014 17:45,25.9702,91.8587,Meghalaya,Jorabat-Umiam route,rain,medium,1,0,ISRO / NRSC Landslide Inventory & GLC
3944,"Hee-Khola, Sikkim",08/25/2011 12:00:00 AM,27.7344,88.633,NER,"Hee-Khola, Sikkim",downpour,medium,2,0,ISRO / NRSC Landslide Inventory & GLC
4411,"Tathangchen, Gangtok, Sikkim ",06/14/2012 04:00:00 AM,27.339,88.6065,Sikkim,"Tathangchen, Gangtok, Sikkim ",downpour,medium,0,0,ISRO / NRSC Landslide Inventory & GLC
252,"Mao in Manipur, Phipema and Chunikhudima in Nagaland",09-09-2007 00:00,25.4993,94.1192,Nāgāland,"Mao in Manipur, Phipema and Chunikhudima in Nagaland",rain,medium,0,0,ISRO / NRSC Landslide Inventory & GLC
142,Tura,07/27/2007 12:00:00 AM,25.5212,90.232,Meghālaya,Tura,rain,large,8,0,ISRO / NRSC Landslide Inventory & GLC
7384,"Wayang, Khengjoi",08-01-2015 00:00,23.9278,94.0906,Manipur,"Wayang, Khengjoi",rain,medium,0,0,ISRO / NRSC Landslide Inventory & GLC
211,Tamenglong,08/26/2007 12:00:00 AM,24.9667,93.55,Manipur,Tamenglong,continuous_rain,medium,1,0,ISRO / NRSC Landslide Inventory & GLC
4384,"between Haflong and  Bagetar, Assam",06-03-2012 00:00,25.1775,93.0123,Assam,"between Haflong and  Bagetar, Assam",downpour,medium,0,0,ISRO / NRSC Landslide Inventory & GLC
7033,NH-55 at Merry Villa,06/29/2015 12:00:00 AM,27.0161,88.2478,West Bengal,NH-55 at Merry Villa,downpour,medium,0,0,ISRO / NRSC Landslide Inventory & GLC
4383,"between Maibang and Daotohaja, Assam",06-03-2012 00:00,25.3056,93.1265,Assam,"between Maibang and Daotohaja, Assam",downpour,medium,0,0,ISRO / NRSC Landslide Inventory & GLC
7375,Ukhrul NH 201-Jessami road,08-01-2015 00:00,25.1941,94.4481,Manipur,Ukhrul NH 201-Jessami road,continuous_rain,medium,0,0,ISRO / NRSC Landslide Inventory & GLC
2163,"Maram area in Senapati district, National Highway 39",07/29/2010 12:00:00 AM,25.4196,94.1054,Nāgāland,"Maram area in Senapati district, National Highway 39",downpour,medium,0,0,ISRO / NRSC Landslide Inventory & GLC
6967,"Darjeeling Heritage Railway, Darjeeling",06/13/2015 06:30:00 AM,27.0165,88.2476,West Bengal,"Darjeeling Heritage Railway, Darjeeling",downpour,medium,0,0,ISRO / NRSC Landslide Inventory & GLC
3932, Botsa  and Chiechama,08/18/2011 12:00:00 AM,25.83,94.13,Nāgāland, Botsa  and Chiechama,monsoon,medium,0,0,ISRO / NRSC Landslide Inventory & GLC
4861,"Khongsang, Tamenglong, Manipur,",05-12-2013 00:00,24.9926,93.4946,Assam,"Khongsang, Tamenglong, Manipur,",rain,medium,0,0,ISRO / NRSC Landslide Inventory & GLC
1093,"Phagutar near Mahanadi, 12km from Kurseong, Siliguri district, Darjeeling",08/16/2009 12:00:00 AM,26.88211522,88.3195318,Bengal,"Phagutar near Mahanadi, 12km from Kurseong, Siliguri district, Darjeeling",downpour,medium,1,0,ISRO / NRSC Landslide Inventory & GLC
7972,"Mizoram, India",08/28/2015 01:45:00 AM,23.4495,92.8112,Mizoram,"Mizoram, India",downpour,large,0,0,ISRO / NRSC Landslide Inventory & GLC
3831,Heibok Hills,07/22/2011 12:00:00 AM,24.7992,93.948,Manipur,Heibok Hills,downpour,medium,0,0,ISRO / NRSC Landslide Inventory & GLC
5584,"Nilachal Hill, Guwahati, Assam",10-06-2013 00:00,26.1665,91.7049,Assam,"Nilachal Hill, Guwahati, Assam",downpour,medium,0,0,ISRO / NRSC Landslide Inventory & GLC
1986,"Fazl Ali College, Mokokchung, Nagaland",06/15/2010 12:00:00 AM,26.3335,94.5512,Nāgāland,"Fazl Ali College, Mokokchung, Nagaland",downpour,medium,0,0,ISRO / NRSC Landslide Inventory & GLC
7387,Imphal-Ukhrul road,08-01-2015 00:00,24.954,94.2156,Manipur,Imphal-Ukhrul road,continuous_rain,small,0,0,ISRO / NRSC Landslide Inventory & GLC
2573,"Haflong, Assam",10-09-2010 00:00,25.1796,93.0083,Assam,"Haflong, Assam",downpour,medium,1,0,ISRO / NRSC Landslide Inventory & GLC
319,"Maram-Purul Road, Karong Assembly Constituency of Senapati district, Manipur",10/19/2007 12:00:00 AM,25.4379,94.1162,Nāgāland,"Maram-Purul Road, Karong Assembly Constituency of Senapati district, Manipur",rain,medium,0,0,ISRO / NRSC Landslide Inventory & GLC
313,"NH-39 at Piphema,  6 km towards Dimapur from Kohima in Nagaland",10/16/2007 12:00:00 AM,25.7055,94.0132,Nāgāland,"NH-39 at Piphema,  6 km towards Dimapur from Kohima in Nagaland",rain,large,0,0,ISRO / NRSC Landslide Inventory & GLC
2456,"near Bagri Glacier(?), Gopeswar(Gopeshwar), Chamoli district, Uttarakhand",09/19/2010 12:00:00 AM,30.7991,79.4356,Uttarakhand,"near Bagri Glacier(?), Gopeswar(Gopeshwar), Chamoli district, Uttarakhand",downpour,medium,0,0,ISRO / NRSC Landslide Inventory & GLC
9010,"Hoj-Potin Highway, Arunachal Pradesh, India",07/16/2016 12:00:00 AM,27.3034,93.804,Arunachal Pradesh,"Hoj-Potin Highway, Arunachal Pradesh, India",downpour,medium,1,0,ISRO / NRSC Landslide Inventory & GLC
2539,"Mosing village, Upper Siang district, Arunachal Pradesh",10-03-2010 00:00,28.3092,95.4149,Arunāchal Pradesh,"Mosing village, Upper Siang district, Arunachal Pradesh",downpour,medium,10,0,ISRO / NRSC Landslide Inventory & GLC
6331,Kiphire-Seyochung road near Yangzitong village,09-08-2014 00:00,25.9466,94.6279,Nagaland,Kiphire-Seyochung road near Yangzitong village,unknown,medium,0,0,ISRO / NRSC Landslide Inventory & GLC
5485,"Chungthang, Sikkim",09-08-2013 00:00,27.6047,88.6463,NER,"Chungthang, Sikkim",rain,medium,1,2,ISRO / NRSC Landslide Inventory & GLC
94,National Highway 31A at Sevoke,06/15/2007 12:00:00 AM,26.8096,88.526,Bengal,National Highway 31A at Sevoke,rain,medium,0,0,ISRO / NRSC Landslide Inventory & GLC
1987,"rails between Mahur and Wadringdisa(?), Assam",06/15/2010 12:00:00 AM,25.2269,93.1658,Assam,"rails between Mahur and Wadringdisa(?), Assam",downpour,medium,0,0,ISRO / NRSC Landslide Inventory & GLC
2043,"Mon, Nagaland",07-06-2010 00:00,26.7225,95.0281,Nāgāland,"Mon, Nagaland",monsoon,medium,0,0,ISRO / NRSC Landslide Inventory & GLC
7910,Chandel,08-01-2015 00:00,24.3481,94.1146,Manipur,Chandel,unknown,medium,0,0,ISRO / NRSC Landslide Inventory & GLC
6775,Kailashpur hill,02/14/2015 12:00:00 AM,26.1468,91.6469,Assam,Kailashpur hill,mining,small,1,2,ISRO / NRSC Landslide Inventory & GLC
1776,Shillong-Jowai(Jwai)-Badarpur National Highway(NH 44) at Sunapur village in Jaintia Hills District,04/21/2010 12:00:00 AM,25.3612,92.2845,Meghālaya,Shillong-Jowai(Jwai)-Badarpur National Highway(NH 44) at Sunapur village in Jaintia Hills District,downpour,medium,0,0,ISRO / NRSC Landslide Inventory & GLC
6786,"Hailākāndi : Two labourers died while another was injured in a landslide in Assam's Hailakandi district, the police said today.",02/19/2015 11:00:00 PM,24.6108,92.562,Assam,,mining,medium,2,1,ISRO / NRSC Landslide Inventory & GLC
6291,National Highway 51,09/21/2014 12:00:00 AM,25.7354,90.3852,Meghalaya,National Highway 51,continuous_rain,large,0,0,ISRO / NRSC Landslide Inventory & GLC
6213,Meghalaya,09/24/2014 12:00:00 AM,25.8143,90.5763,Meghalaya,Meghalaya,continuous_rain,large,0,0,ISRO / NRSC Landslide Inventory & GLC
2415,power lines 5 km from Kohima,09-12-2010 00:00,25.63961883,94.11112157,Nāgāland,power lines 5 km from Kohima,downpour,medium,0,0,ISRO / NRSC Landslide Inventory & GLC
9336,"Ramchandi , Hailakandi District, Assam, India",05/18/2016 08:00:00 AM,24.5308,92.5121,Assam,"Ramchandi , Hailakandi District, Assam, India",continuous_rain,small,1,0,ISRO / NRSC Landslide Inventory & GLC
9604,Legship,10-12-2016 00:00,27.2676,88.2891,Sikkim,Legship,continuous_rain,medium,0,0,ISRO / NRSC Landslide Inventory & GLC
1170,Tindharia and Rong Tong,09/18/2009 12:00:00 AM,26.8342,88.2798,Bengal,Tindharia and Rong Tong,rain,medium,0,0,ISRO / NRSC Landslide Inventory & GLC
7837,three graveyards within Aizawl,08/27/2015 12:00:00 AM,23.7269,92.7265,Mizoram,three graveyards within Aizawl,downpour,medium,0,0,ISRO / NRSC Landslide Inventory & GLC
7267,NH-2 between Senapati and Mao,07/22/2015 12:00:00 AM,25.3908,94.0926,Manipur,NH-2 between Senapati and Mao,continuous_rain,small,0,0,ISRO / NRSC Landslide Inventory & GLC
4848,"Purba Simna, Tripura",05-08-2013 00:00,24.0896,91.4663,Tripura,"Purba Simna, Tripura",rain,medium,1,0,ISRO / NRSC Landslide Inventory & GLC
3617,Pankhabari and Rohini routes in Kurseong,06/17/2011 11:00:00 PM,26.84850975,88.26181745,Bengal,Pankhabari and Rohini routes in Kurseong,continuous_rain,medium,0,0,ISRO / NRSC Landslide Inventory & GLC
9122,"Noonmati, Guwahati, Assam, India",07/20/2016 12:00:00 AM,26.1966,91.802,Assam,"Noonmati, Guwahati, Assam, India",rain,medium,0,0,ISRO / NRSC Landslide Inventory & GLC
2574,"between Mahur and Maigrandisa(?) or Lumding, Assam",10-09-2010 00:00,25.4749,93.1477,Assam,"between Mahur and Maigrandisa(?) or Lumding, Assam",downpour,medium,0,0,ISRO / NRSC Landslide Inventory & GLC
6282,Lalmati,09/22/2014 12:00:00 AM,26.1097,91.7747,Assam,Lalmati,rain,small,1,0,ISRO / NRSC Landslide Inventory & GLC
2263,"Dikhu bridge(?), Mokokchung-Tuensang road, Nagaland",08/17/2010 12:00:00 AM,26.2753,94.6654,Nāgāland,"Dikhu bridge(?), Mokokchung-Tuensang road, Nagaland",downpour,medium,0,0,ISRO / NRSC Landslide Inventory & GLC
620,Kalimpong,06/30/2008 12:00:00 AM,27.0771,88.482,Bengal,Kalimpong,downpour,medium,0,0,ISRO / NRSC Landslide Inventory & GLC
6289,Pamohi,09/22/2014 12:00:00 AM,26.1001,91.6849,Assam,Pamohi,rain,small,0,0,ISRO / NRSC Landslide Inventory & GLC
9087,"5 km off Sangam point on Aalo- Pangin road, Arunachal Pradesh, India",07/19/2016 12:00:00 AM,28.235,94.9612,Arunachal Pradesh,"5 km off Sangam point on Aalo- Pangin road, Arunachal Pradesh, India",downpour,medium,0,0,ISRO / NRSC Landslide Inventory & GLC
2279,"NH 31A at Likhuvir(?), near Teesta Bazar, 42nd Km marker(?), Kalimpong, West Bengal cutting off Sikkim and Kalimpong",08/19/2010 12:00:00 AM,26.9722,88.4481,Bengal,"NH 31A at Likhuvir(?), near Teesta Bazar, 42nd Km marker(?), Kalimpong, West Bengal cutting off Sikkim and Kalimpong",downpour,medium,0,0,ISRO / NRSC Landslide Inventory & GLC
1030,"Darjeeling Sadar, Darjeeling West Bengal",05/26/2009 12:00:00 AM,27.04357147,88.26522126,Bengal,"Darjeeling Sadar, Darjeeling West Bengal",tropical_cyclone,medium,14,0,ISRO / NRSC Landslide Inventory & GLC
130,Guwahati,07/19/2007 12:00:00 AM,26.1699,91.7986,Assam,Guwahati,rain,medium,6,0,ISRO / NRSC Landslide Inventory & GLC
